MARCA;MODELO;AÑO;MOTOR;LTH;GONHER;CALE;TITAN
ACURA;ILX 2.4L;2013 - 2016;4 CIL;L-51R-500;G-51R-500;CL-51R-500;
ACURA;MDX;2004 - 2014;6 CIL;L-24R-530;G-24R-710;;
ACURA;MDX, TL;2004 - 2009;6 CIL;L-34/78-750;G-34/78-800;;
ACURA;RDX;2007 - 2014;6 CIL;L-35-575;G-35-575;CL-35-550;
ACURA;RL;2004 - 2012;6 CIL;L-24-530;G-34-600;;
ACURA;RLX;2014;6 CIL;L-35-575;G-35-575;CL-35-550;
ACURA;TL;2004 - 2015;6 CIL;L-24R-530;G-24R-710;;
ACURA;TSX;2004 - 2014;6 CIL;L-51R-500;G-51R-500;CL-51R-500;
ALFA ROMEO;147;2003 -2010;4 CIL;L-47-550;G-47-600;;T-58R-420
ALFA ROMEO;156 (TM Y SELEPPED;1997 - 2006;4 CIL;L-47-550;G-47-600;;T-58R-420
AUDI;A1, A1 SPORTBACK;2013 - 2014;4 CIL;L-48/91-600;G-48-700;CL-48/91-615;
AUDI;A3;1996 - 2014;4 CIL;L-47-550;G-47-600;;T-58R-420
AUDI;A3 SPORTBACK;2013 - 2014;4 CIL;L-48/91-600;G-48-700;CL-48/91-615;
AUDI;A3 3.2L;2005 - 2010;4 CIL;L-49- 900AGM;G-49-850;;
AUDI;A3 CABRIO;2013 - 2014;4 CIL;L-41-650;G-41-660;CL-41-650;
AUDI;A4;2013 - 2014;4 CIL;L-49- 900AGM;G-49-850;;
AUDI;A4, 2.0L, CABRIO;1995- 2005;4 CIL;L-48/91-600;G-48-700;CL-48/91-615;
AUDI;A5;2005 - 2010;6 CIL;L-49- 900AGM;G-49-850;;
AUDI;A5, A5 SPORTBACK;2013 - 2014;6 CIL;L-48/91-600;G-48-700;CL-48/91-615;
AUDI;A6;1995- 2005;6 CIL;L-48/91-600;G-48-700;CL-48/91-615;
AUDI;A7 SPORTBACK;2013 - 2014;6 CIL;L-49- 900AGM;G-49-850;;
AUDI;A8;1997 - 2014;6 CIL;L-49- 900AGM;G-49-850;;
AUDI;Q3;2013 - 2014;4 CIL;L-48/91-600;G-48-700;CL-48/91-615;
AUDI;Q5;2009 - 2014;6 CIL;L-48/91-600;G-48-700;CL-48/91-615;
AUDI;Q7;2009 - 2014;6 CIL;L-49- 900AGM;G-49-850;;
AUDI;R5 4.2L;2007 - 2014;8 CIL;L-49- 900AGM;G-49-850;;
AUDI;R8;2005 - 2014;10 CIL;L-49- 900AGM;G-49-850;;
AUDI;RS4;1997 - 2012;8 CIL;L-49- 900AGM;G-49-850;;
AUDI;RS6;1997 - 2012;8 CIL;L-49- 900AGM;G-49-850;;
AUDI;S3;1997 - 2014;6 CIL;L-47-550;G-47-600;;
AUDI;S4;1995- 2005;4 CIL;L-48/91-600;G-48-700;CL-48/91-615;
AUDI;S5;1997 - 2014;8 CIL;L-49- 900AGM;G-49-850;;
AUDI;S6;1997 - 2012;8 CIL;L-49- 900AGM;G-49-850;;
AUDI;S7;2013 - 2014;8 CIL;L-49- 900AGM;G-49-850;;
AUDI;S8;1997 - 2014;8 CIL;L-49- 900AGM;G-49-850;;
AUDI;TT 2.0L;1997 - 2014;4 CIL;L-47-550;G-47-600;;T-58R-420
AUDI;TT 3.20L;1997 - 2014;4-6 CIL;L-48/91-600;G-48-700;CL-48/91-615;
AUDI;TTS 2.0L;1998 - 2014;4-6 CIL;L-47-550;G-47-600;;
BMW;LACROSSE;2013 - 2014;6 CIL;L-48/91-600;G-48-700;CL-48/91-615;
BMW;REGAL;1996- 2004;6 CIL;L-34/78-750;G-34/78-800;;
BMW;REGAL;2011 - 2014;6 CIL;L-48/91-600;G-48-700;CL-48/91-615;
BMW;SERIE 1 (120i,130i);2004 - 2014;4 CIL;L-47-550;G-47-600;;T-58R-420
BMW;SERIE 1 COUPE;2013 - 2014;4 CIL;L-48/91-600;G-48-700;CL-48/91-615;
BMW;SERIE 1 M COUPE;2011 - 2012;6 CIL;L-47-550;G-47-600;;
BMW;SERIE 3 (320i, 323i, 328i, 330i, 325i);1998 - 2014;6 CIL;L-48/91-600;G-48-700;CL-48/91-615;
BMW;SERIE 5 (535i GT);2011 - 2014;6 CIL;L-49- 900AGM;G-49-850;;
BMW;SERIE 5 (535i, 528i);1997 - 2014;6 CIL;L-49- 900AGM;G-49-850;;
BMW;SERIE 5 (535i, 528i);2003 - 2005;6 CIL;L-41-650;G-41-660;CL-41-650;
BMW;SERIE 5 (535i, 528i);2005 - 2014;6 CIL;L-49- 900AGM;G-49-850;;
BMW;SERIE 5 (535i);2001-2002;6 CIL;L-48/91-600;G-48-700;CL-48/91-615;
BMW;SERIE 5 (550i);2006 - 2014;6 CIL;L-49- 900AGM;G-49-850;;
BMW;SERIE 6 (650i);1997 - 2014;8 CIL;L-49- 900AGM;G-49-850;;
BMW;SERIE 7;1997 - 2014;8 CIL;L-49- 900AGM;G-49-850;;
BMW;SERIE M1;2013 - 2014;6 CIL;L-48/91-600;G-48-700;CL-48/91-615;
BMW;SERIE M3;1998 - 2014;6 CIL;L-48/91-600;G-48-700;CL-48/91-615;
BMW;SERIE M5;2006 - 2014;8 CIL;L-49- 900AGM;G-49-850;;
BMW;SERIE M6;2006 - 2014;8 CIL;L-49- 900AGM;G-49-850;;
BMW;VERANO;2013 - 2014;4 CIL;L-48/91-600;G-48-700;CL-48/91-615;
BMW;X1;2013 - 2014;6 CIL;L-48/91-600;G-48-700;CL-48/91-615;
BMW;X3;1998 - 2014;6 CIL;L-48/91-600;G-48-700;CL-48/91-615;
BMW;X5;2001 - 2014;6-8 CIL;L-49- 900AGM;G-49-850;;
BMW;X6;2001 - 2014;8 CIL;L-49- 900AGM;G-49-850;;
BMW;Z3 (COUPE, CONVERTIBLE);1998 - 2012;4 CIL;L-48/91-600;G-48-700;CL-48/91-615;
BMW;Z4;1996 - 2010;6 CIL;L-48/91-600;G-48-700;CL-48/91-615;
BMW;Z4 M;2004 - 2012;6 CIL;L-47-550;G-47-600;;
BMW;Z4 ROADSTER;2012;6 CIL;L-48/91-600;G-48-700;CL-48/91-615;
BMW;Z4 ROADSTER;2001 - 2014;6 CIL;L-47-550;G-47-600;;
BMW;Z8;2001 - 2012;6 CIL;L-49- 900AGM;G-49-850;;
BUICK;ENCLAVE;2013 - 2014;6 CIL;L-48/91-600;G-48-700;CL-48/91-615;
BUICK;ENCORE;2014;4 CIL;L-48/91-600;G-48-700;CL-48/91-615;
CADILLAC;ATS;2013 - 2014;6 CIL;L-48/91-600;G-48-700;CL-48/91-615;
CADILLAC;CATERA;1997- 2001;6 CIL;L-48/91-600;G-48-700;CL-48/91-615;
CADILLAC;CTS;2007 - 2014;6 CIL;L-48/91-600;G-48-700;CL-48/91-615;
CADILLAC;CTS V;2013 - 2014;6 CIL;L-48/91-600;G-48-700;CL-48/91-615;
CADILLAC;DEVILLE 4.6L, 4.9L;1990 - 2012;8 CIL;L-34/78-750;G-34/78-800;;
CADILLAC;EL DORADO 4.6L;1986- 2002;8 CIL;L-34/78-750;G-34/78-800;;
CADILLAC;ESCALADE ESV;1999 - 2014;6-8 CIL;L-34/78-750;G-34/78-800;;
CADILLAC;ESCALADE EXT;1999 - 2001;6-8 CIL;L-48/91-600;G-48-700;CL-48/91-615;
CADILLAC;ESCALADE EXT;2002 - 2010;6-8 CIL;L-34/78-750;G-34/78-800;;
CADILLAC;ESCALADE EXT;2011 - 2015;6-8 CIL;L-48/91-600;G-48-700;CL-48/91-615;
CADILLAC;SEVILLE STS 4.6L;1990 - 2012;8 CIL;L-34/78-750;G-34/78-800;;
CADILLAC;SRX;1999 - 2015;6 CIL;L-48/91-600;G-48-700;CL-48/91-615;
CADILLAC;STS;2008 - 2012;6-8 CIL;L-48/91-600;G-48-700;CL-48/91-615;
CADILLAC;XLR;2007 - 2012;6 CIL;L-75/86-675;G-75/86-650;;
CHEVROLET;ASTRA TODAS LAS VERSIONES;1990 - 2010;4 CIL;L-48/91-600;G-48-700;CL-48/91-615;T-58R-420
CHEVROLET;AVALANCHE;1999 - 2001;6-8 CIL;L-34/78-750;G-34/78-800;;
CHEVROLET;AVALANCHE;2002 - 2007;6-8 CIL;L-48/91-600;G-48-700;CL-48/91-615;
CHEVROLET;AVALANCHE;2011 - 2014;6-8 CIL;L-34/78-750;G-34/78-800;;
CHEVROLET;AVEO;2008 - 2012;4 CIL;L-75/86-675;G-75/86-650;;T-34R-420
CHEVROLET;AVEO;2013 - 2015;4 CIL;L-47-550;G-47-600;;T-58R-420
CHEVROLET;BLAZER 3.0L, 4.3L;1982 - 2002;6 CIL;L-75-575;G-75-600;;
CHEVROLET;CAMARO 5.7L;1992- 2002;8 CIL;L-75-575;G-75-600;;
CHEVROLET;CAMARO 5.7L;2010 - 2014;8 CIL;L-42-500;G-42-400;CL-42-400;
CHEVROLET;CAPTIVA;2008 - 2014;4 CIL;L-48/91-600;G-48-700;CL-48/91-615;
CHEVROLET;CAVALIER TODAS LAS VERSIONES;1987 - 2006;4 CIL;L-75-575;G-75-600;;
CHEVROLET;CHEVY TODAS LAS VERISONES;1994 - 2012;4 CIL;L-99-390;"G-99-390
";;T-58R-420
CHEVROLET;CHEYENNE;1990 - 2007;6 CIL;L-34/78-750;G-34/78-800;;
CHEVROLET;CHEYENNE;2008 - 2014;6 CIL;L-48/91-600;G-48-700;CL-48/91-615;
CHEVROLET;COLORADO;2004 - 2014;6 CIL;L-75/86-675;G-75/86-650;;
CHEVROLET;CORSA (SEDAN, COUPE);1994 - 2012;4 CIL;L-42-500;G-42-400;CL-42-400;T-58R-420
CHEVROLET;CORSA SEDÁN, COUPÉ;1994 - 2012;4 CIL;L-47-550;G-47-600;;T-58R-420
CHEVROLET;CORVETTE;1997-2000;8 CIL;L-34/78-750;G-34/78-800;;
CHEVROLET;CORVETTE;2001-2003;8 CIL;L-75-575;G-75-600;;
CHEVROLET;CORVETTE;2004 - 2005;8 CIL;L-75/86-675;G-75/86-650;;
CHEVROLET;CORVETTE, STINGRAY 2014;2006 - 2014;8 CIL;L-47-550;G-47-600;;
CHEVROLET;CRUZE;2011 - 2014;4 CIL;L-47-550;G-47-600;;T-58R-420
CHEVROLET;EPICA;2006 - 2011;6 CIL;L-34-600;G-34-600;CL-34-600;
CHEVROLET;EQUINOX;2005 - 2006;6 CIL;L-75-575;G-75-600;;
CHEVROLET;EQUINOX;2007 - 2011;4-6 CIL;L-47-550;G-47-600;;
CHEVROLET;EQUINOX;2010 - 2011;6 CIL;L-48/91-600;G-48-700;CL-48/91-615;
CHEVROLET;EXPRESS CARGO VAN 5.7L;1992 - 2014;6 CIL;L-34/78-750;G-34/78-800;;
CHEVROLET;HHR;2007 - 2012;4 CIL;L-47-550;G-47-600;;T-58R-420
CHEVROLET;IMPALA LS;1992- 2005;6 CIL;L-34/78-750;G-34/78-800;;
CHEVROLET;IMPALA LS;2006 - 2012;6 CIL;L-34-600;G-34-600;CL-34-600;
CHEVROLET;LUMINA;1996 - 2001;6 CIL;L-34/78-750;G-34/78-800;;
CHEVROLET;LUV PICK UP 2.3L;1998 - 2005;4 CIL;L-51R-500;G-51R-500;CL-51R-500;T-34R-420
CHEVROLET;MALIBÚ;2008 - 2014;4 CIL;L-48/91-600;G-48-700;CL-48/91-615;
CHEVROLET;MALIBU TIPICO, LUJO, 3.1L, 2.0L;1997 - 2007;4-6 CIL;L-75-575;G-75-600;;
CHEVROLET;MERIVA;2002 - 2012;4 CIL;L-47-550;G-47-600;;T-58R-420
CHEVROLET;OPTRA;2006 - 2010;4 CIL;L-75/86-675;G-75/86-650;;T-34R-420
CHEVROLET;PICK UP 1500, 2500, 3500;1998 - 2007;4 CIL;L-34/78-750;G-34/78-800;;
CHEVROLET;PICK UP 1500, 2500, 3500;2008 - 2012;4 CIL;L-48/91-600;G-48-700;CL-48/91-615;
CHEVROLET;S-10 2.2L;1982 - 2004;6 CIL;L-75-575;G-75-600;;
CHEVROLET;S-10 MAXICAB 3.1L, 4.3L;1982 - 2004;6 CIL;L-75-575;G-75-600;;
CHEVROLET;SILHOUETTE;1997 - 2004;6 CIL;L-34/78-750;G-34/78-800;;
CHEVROLET;SILVERADO 1500, 2500, 3500, HEAVY DUTY;2000 - 2007;6 CIL;L-34/78-750;G-34/78-800;;
CHEVROLET;SILVERADO 1500, 2500, 3500, HEAVY DUTY;2008 - 2014;6 CIL;L-48/91-600;G-48-700;CL-48/91-615;
CHEVROLET;SONIC;2013 - 2014;4 CIL;L-47-550;G-47-600;;T-58R-420
CHEVROLET;SONORA;2000 - 2006;8 CIL;L-75-575;G-75-600;;
CHEVROLET;SPARK;2010 - 2014;4 CIL;L-99-390;"G-99-390
";;T-58R-420
CHEVROLET;SUBURBAN;1987 - 2007;8 CIL;L-34/78-750;G-34/78-800;;
CHEVROLET;SUBURBAN;2008 - 2014;8 CIL;L-48/91-600;G-48-700;CL-48/91-615;
CHEVROLET;TAHOE;2007 - 2014;8 CIL;L-48/91-600;G-48-700;CL-48/91-615;
CHEVROLET;TIGRA;1994- 2004;4 CIL;L-99-390;"G-99-390
";;T-58R-420
CHEVROLET;TORNADO;2003 - 2014;4 CIL;L-47-550;G-47-600;;T-58R-420
CHEVROLET;TRACKER 1.6L;1989 - 2004;6 CIL;L-22F-450;G-22F-450;;
CHEVROLET;TRAVERSE;2009 - 2014;6 CIL;L-48/91-600;G-48-700;CL-48/91-615;
CHEVROLET;TRAX;2005 - 2009;4 CIL;L-47-550;G-47-600;;T-58R-420
CHEVROLET;TRIALBLAZER;2002 - 2008;6-8 CIL;L-34/78-750;G-34/78-800;;
CHEVROLET;UPLANDER;2005 - 2009;6 CIL;L-34-600;G-34-600;CL-34-600;
CHEVROLET;VECTRA COMFORT, ELEGANCE;2003 - 2011;6 CIL;L-48/91-600;G-48-700;CL-48/91-615;
CHEVROLET;VENTURE (LS, LT);1997 - 2004;6 CIL;L-34/78-750;G-34/78-800;;
CHEVROLET;ZAFIRA (BASE, COMFORT);2002 - 2008;4 CIL;L-48/91-600;G-48-700;CL-48/91-615;T-58R-420
CHRYSLER;200;2011 - 2014;4CIL;L-75/86-675;G-75/86-650;;
CHRYSLER;300;2006 - 2014;6 CIL;L-48/91-600;G-48-700;CL-48/91-615;
CHRYSLER;300C;2006 - 2012;6 CIL;L-48/91-600;G-48-700;CL-48/91-615;
CHRYSLER;300M;2007 - 2012;6 CIL;L-34-600;G-34-600;CL-34-600;
CHRYSLER;ASPEN;2007 - 2012;8 CIL;L-65-800;G-65-820;;
CHRYSLER;CARGO VAN Y CONVERSION VAN;1994 - 2012;6 CIL;L-27-700;G-27-700;CL-27-700;
CHRYSLER;CIRRUS 2.4L, 2.5L FI;1995 - 2007;4-6 CIL;L-75-575;G-75-600;;
CHRYSLER;CIRRUS SEDAN, CONVERTIBLE;2008 - 2012;4-6 CIL;L-75/86-675;G-75/86-650;;
CHRYSLER;CONCORDE 3.5L FI;1993- 2004;6 CIL;L-34-600;G-34-600;CL-34-600;
CHRYSLER;CROSSFIRE;2004 - 2005;4 CIL;L-48/91-600;G-48-700;CL-48/91-615;
CHRYSLER;GRAND CARAVAN;2011;6 CIL;L-48/91-600;G-48-700;CL-48/91-615;
CHRYSLER;GRAND CARAVAN;1993 - 2010;6 CIL;L-34-600;G-34-600;CL-34-600;
CHRYSLER;GRAND VOYAGER 3.8L;1983 - 2011;6 CIL;L-34-600;G-34-600;CL-34-600;
CHRYSLER;H100;2004 - 2014;6 CIL;L-34-600;G-34-600;CL-34-600;
CHRYSLER;LHS;1994- 2001;6 CIL;L-34-600;G-34-600;CL-34-600;
CHRYSLER;NEON (SE, SXT, R/T, SRT-4);1999;4 CIL;L-58-575;G-58-575;CL-58-575;
CHRYSLER;NEON (SE, SXT, R/T, SRT-4);2000-2006;4 CIL;L-26R-500;G-26R-500;CL-26R-500;T-34R-420
CHRYSLER;NEW YORKER;1979 - 2015;6 CIL;L-34-600;G-34-600;CL-34-600;
CHRYSLER;PACIFICA (FWD, AWD);2004 - 2008;6 CIL;L-34-600;G-34-600;CL-34-600;
CHRYSLER;PT CRUSIER;2000-2007;4 CIL;L-26R-500;G-26R-500;CL-26R-500;T-34R-420
CHRYSLER;STRATUS 2.0L, 2.4L;1995- 2005;4 CIL;L-75-575;G-75-600;CL-75-550;
CHRYSLER;TOWN & COUNTRY (EL,LX,LXI LIMITED);1991 - 2010;6 CIL;L-34-600;G-34-600;CL-34-600;
CHRYSLER;TOWN & COUNTRY (EL,LX,LXI LIMITED);2011 - 2014;6 CIL;L-48/91-600;G-48-700;CL-48/91-615;
CHRYSLER;VOYAGER 3.3L;1988 - 2011;6 CIL;L-34-600;G-34-600;CL-34-600;
DODGE;ATOS (BASICO, LUJO);2001 - 2012;4 CIL;L-NS40-320;N/D;CL-NS40-320;
DODGE;ATTITUDE;2006 - 2014;4 CIL;L-35-575;G-35-575;CL-35-550;T-34R-420
DODGE;AVENGER;2006 - 2014;4-6CIL;L-75/86-675;G-75/86-650;;
DODGE;CALIBER;2006 - 2012;4 CIL;L-75/86-675;G-75/86-650;;
DODGE;CARAVAN;2011;6 CIL;L-41-650;G-41-660;CL-41-650;
DODGE;CARAVAN;2003 - 2010;6 CIL;L-34-600;G-34-600;CL-34-600;
DODGE;CHALLENGER;2006 - 2014;6 CIL;L-48/91-600;G-48-700;CL-48/91-615;
DODGE;CHARGER, SUPER BEE;2006 - 2014;6 CIL;L-48/91-600;G-48-700;CL-48/91-615;
DODGE;DAKOTA SXT,SLT,SPORT,R/T;1993 - 2005;6 CIL;L-27-700;G-27-700;CL-27-700;
DODGE;DAKOTA SXT,SLT,SPORT,R/T;2006 - 2012;6 CIL;L-65-800;G-65-820;;
DODGE;DART;2013 - 2014;4 CIL;L-48/91-600;G-48-700;CL-48/91-615;
DODGE;DURANGO;1998 - 2003;8 CIL;L-27-700;G-27-700;CL-27-700;
DODGE;DURANGO;2004 - 2010;8 CIL;L-65-800;G-65-820;;
DODGE;DURANGO (SPORT, SXT, SLT,R/T);2011 - 2014;8 CIL;L-48/91-600;G-48-700;CL-48/91-615;
DODGE;I10;2013 - 2014;3-4 CIL;L-NS40Z-320;N/D;CL-NS40Z-320;
DODGE;JOURNEY;2006 - 2014;4-6 CIL;L-75/86-675;G-75/86-650;;
DODGE;RAM 1500;1994 - 2001;6 CIL;L-48/91-600;G-48-700;CL-48/91-615;
DODGE;RAM 1500;2002 - 2005;6 CIL;L-27-700;G-27-700;CL-27-700;
DODGE;RAM 1500;2006 - 2014;6 CIL;L-65-800;G-65-820;;
DODGE;RAM 2500;1994 - 2001;6 CIL;L-48/91-600;G-48-700;CL-48/91-615;
DODGE;RAM 2500;2002 - 2005;6 CIL;L-27-700;G-27-700;CL-27-700;
DODGE;RAM 2500;2006 - 2014;6 CIL;L-65-800;G-65-820;;
DODGE;RAM 3500;1994 - 2001;6 CIL;L-48/91-600;G-48-700;CL-48/91-615;
DODGE;RAM 3500;2002 - 2005;6 CIL;L-27-700;G-27-700;CL-27-700;
DODGE;RAM 3500;2006 - 2014;6 CIL;L-65-800;G-65-820;;
DODGE;RAM 4000;2002 - 2005;8 CIL;L-48/91-600;G-48-700;CL-48/91-615;
DODGE;RAM 4000;2006 - 2014;8 CIL;L-65-800;G-65-820;;
DODGE;RAM CHARGER;2007 - 2001;8 CIL;L-48/91-600;G-48-700;CL-48/91-615;
DODGE;RAM NIGHT RUNNER;2004 - 2006;6 CIL;L-65-800;G-65-820;;
DODGE;RAM WAGON;1989 - 2012;6 CIL;L-27-700;G-27-700;CL-27-700;
DODGE;RAM WAGON 1500 3.9L, 5.2L;2013 - 2014;6 CIL;L-48/91-600;G-48-700;CL-48/91-615;
DODGE;RAM WAGON 2500 5.2L, 5.9L;2013 - 2014;8 CIL;L-48/91-600;G-48-700;CL-48/91-615;
DODGE;VERNA;2004 - 2010;4 CIL;L-35-575;G-35-575;CL-35-550;T-34R-420
DODGE;VIPER;1992- 2002;8 CIL;L-34/78-750;G-34/78-800;;
DODGE;VIPER;2003 - 2012;8 CIL;L-34-600;G-34-600;CL-34-600;
FIAT;ALBEA;2004 - 2012;4 CIL;L-47-550;G-47-600;;T-58R-420
FIAT;BRAVO;2004 - 2012;4 CIL;L-47-550;G-47-600;;T-58R-420
FIAT;DUCATO;2009 - 2014;6 CIL;L-49- 900AGM;G-49-850;;
FIAT;F500 TODAS LAS VERSIONES;2007 - 2014;8 CIL;L-47-550;G-47-600;;
FIAT;GRANDE TODAS LAS VERSIONES;2004 - 2009;4 CIL;L-26R-500;G-26R-500;CL-26R-500;T-34R-420
FIAT;IDEA;2007 - 2012;4 CIL;L-26R-500;G-26R-500;CL-26R-500;T-34R-420
FIAT;IDEA ADVENTURE;2009 - 2012;4 CIL;L-47-550;G-47-600;;T-58R-420
FIAT;PALIO, PALIO ADVENTURER;2004 - 2014;4 CIL;L-47-550;G-47-600;;T-58R-420
FIAT;PANDA;2004 - 2009;4 CIL;L-99-390;"G-99-390
";;T-58R-420
FIAT;PUNTO;2013 - 2014;4 CIL;L-47-550;G-47-600;;T-58R-420
FIAT;STRADA;2007 - 2014;4 CIL;L-26R-500;G-26R-500;CL-26R-500;T-34R-420
FIAT;STYLO;2004 - 2012;4 CIL;L-47-550;G-47-600;;T-58R-420
FIAT;UNO;2013 - 2014;4 CIL;L-47-550;G-47-600;;T-58R-420
FORD;CLUB WAGON/ECONO- LINE-150/250 4.2L.;1991 - 2012;6-8 CIL;L-65-800;G-65-820;;
FORD;CLUB WAGON/ECONOLINE-350 7.3L;1991 - 2012;6-8 CIL;L-65-800;G-65-820;;
FORD;CONTOUR 2.0L, 2.5L Y SVT;1996-2000;4-6 CIL;L-41-650;G-41-660;CL-41-650;
FORD;COURIER 1.6L;1997 - 2012;4 CIL;L-99-390;"G-99-390
";;T-58R-420
FORD;CROWN VICTORIA;1983 - 2008;6 CIL;L-41-650;G-41-660;CL-41-650;
FORD;CROWN VICTORIA;2009 - 2012;6 CIL;L-24R-530;G-24R-710;;
FORD;E-150, E-350;2013 - 2014;6-8 CIL;L-65-800;G-65-820;;
FORD;ECONOLINE 150;1997 - 2000;6-8 CIL;L-65-800;G-65-820;;
FORD;ECONOLINE 350;1997 - 2000;6-8 CIL;L-65-800;G-65-820;;
FORD;ECOSPORT 2.0L;2003 - 2014;4 CIL;L-47-550;G-47-600;;T-58R-420
FORD;ECOSPORT 2.0L, INDIA, BRASIL;2013 - 2014;4 CIL;N/D;N/D;;
FORD;EDGE;2015 - 2016;6 CIL;L-34/78-750;G-34/78-800;N/D;
FORD;EDGE 3.5L;2007 - 2010;6 CIL;L-58-575;G-58-575;;
FORD;EDGE 3.5L, 2.0 ECOBOOST;2011 - 2014;6 CIL;L-65-800;G-65-820;;
FORD;ESCAPE;2001 - 2003;4 CIL;L-47-550;G-47-600;;T-58R-420
FORD;ESCAPE;2001 - 2010;6 CIL;L-41-650;G-41-660;CL-41-650;
FORD;ESCAPE;2004 - 2010;4 CIL;L-41-650;G-41-660;CL-41-650;
FORD;ESCAPE;2011 - 2014;4 CIL;L-47-550;G-47-600;;T-58R-420
FORD;ESCAPE;2011 - 2014;6 CIL;L-47-550;G-47-600;;
FORD;ESCAPE EUROPA 2.0L, 2.5L;2015;6 CIL;L-47-550;G-47-600;;
FORD;ESCORT Y ZX2 2.0L;1997- 2003;4-6 CIL;L-58-575;G-58-575;;
FORD;EXCURSION 6.8L;2000 - 2006;10 CIL;L-65-800;G-65-820;;
FORD;EXPEDITION;2013 - 2014;8 CIL;L-65-800;G-65-820;;
FORD;EXPEDITION 3.5L ECOBOOST V6;2015;6 CIL;L-65-800;G-65-820;;
FORD;EXPEDITION KING RANCH;2005 - 2012;8 CIL;L-65-800;G-65-820;;
FORD;EXPEDITION MAX 3.5L CY- CLONE TiVCT;2015;6 CIL;L-65-800;G-65-820;;
FORD;EXPEDITION MAX 3.5L CY- CLONE TiVCT;1997 - 2012;8 CIL;L-65-800;G-65-820;;
FORD;EXPLORER 5.0L;2000 - 2010;6-8 CIL;L-65-800;G-65-820;;
FORD;EXPLORER SPORT 4.0L;2013 - 2014;6 CIL;L-65-800;G-65-820;;
FORD;EXPLORER SPORT TRAC 4.6L;2000 - 2010;8 CIL;L-65-800;G-65-820;;
FORD;F-150;2015 - 2016;6 CIL;L-48/91-600;G-48-700;CL-48/91-615;
FORD;F-150;2015 - 2016;6 CIL;L-49- 900AGM;G-49-850;;
FORD;FIESTA 1.6L NA, HATCH, TITANIUM;2011 - 2014;4 CIL;L-47-550;G-47-600;;T-58R-420
FORD;FIESTA 1.6L NOTCH BRASIL;2005 - 2012;4 CIL;N/D;N/D;;
FORD;FIESTA 1.6L NOTCH BRASIL;2005 - 2012;4 CIL;L-99-390;"G-99-390
";;T-58R-420
FORD;FIESTA CCT 1.6L ECOBOOST;2014 - 2016;4 CIL;L-47-550;G-47-600;;T-58R-420
FORD;FIESTA EUROPA DX 1.3L, 1.4L;1995 - 2010;4 CIL;L-99-390;"G-99-390
";;T-58R-420
FORD;FIESTA IKON 1.6L BRASIL;2011 - 2012;4 CIL;L-99-390;G-99-390;;T-58R-420
FORD;FIGO;2016;4 CIL;L-99-390;G-99-390;;T-58R-420
FORD;FIVE HUNDRED 3.0L;2004 - 2007;6 CIL;L-35-575;G-35-575;CL-35-550;
FORD;FOCUS 2.0L , ZX3;2005 - 2007;4 CIL;L-41-650;G-41-660;CL-41-650;
FORD;FOCUS 2.0L ARGENTINA;2005 - 2007;4 CIL;L-41-650;G-41-660;CL-41-650;
FORD;FOCUS ELECTRIC POWER;2012;4 CIL;N/D;N/D;;
FORD;FOCUS EUROPEO 2.0L;2011 - 2014;4 CIL;L-47-550;G-47-600;;T-58R-420
FORD;FOCUS EUROPEO ST;2014;4 CIL;L-48/91-600;G-48-700;CL-48/91-615;
FORD;FOCUS SEDÁN-SX3-SVT, SE, LX;1998- 2002;4 CIL;L-42-500;G-42-400;CL-42-400;T-58R-420
FORD;FREESTAR;2005 - 2012;6 CIL;L-65-800;G-65-820;;
FORD;FUSION;2006;6 CIL;L-42-500;G-42-400;CL-42-400;
FORD;FUSION 2.0L ECOBOOST 2.5 L;2013;4 CIL;N/D;N/D;;
FORD;FUSION 2.3L, 2.5L, 3.0L;2006 - 2012;4-6 CIL;L-47-550;G-47-600;;
FORD;FUSION 2.5L GAS/ELECT;2009 - 2012;4 CIL;N/D;N/D;;
FORD;FUSION 2.5L I4 IVCT, 2.0L;2015 - 2016;4 CIL;N/D;N/D;;
FORD;GRAND MARQUIS 4.6L;1998- 2004;8 CIL;L-65-800;G-65-820;;
FORD;KA 1.6L;1997 - 2012;4 CIL;L-99-390;G-99-390;;T-58R-420
FORD;LOBO TODAS LAS VERSIONES;1991 - 2014;6 CIL;L-65-800;G-65-820;;
FORD;MONDEO 2.0L, 2.5L;2000-2007;4-6 CIL;L-48/91-600;G-48-700;CL-48/91-615;
FORD;MUSTANG;2015;8 CIL;L-47-550;G-47-600;;
FORD;MUSTANG;2016;8 CIL;N/D;N/D;;
FORD;MUSTANG 4.6L;2005 - 2014;8 CIL;L-48/91-600;G-48-700;CL-48/91-615;
FORD;MUSTANG 4.6L GT Y COBRA;1987 - 2004;8 CIL;L-58-575;G-58-575;;
FORD;MUSTANG 4.6L GT Y COBRA;1996 - 2014;8 CIL;L-48/91-600;G-48-700;CL-48/91-615;
FORD;MUSTANG 4.6L GT Y COBRA (1);1996 - 2014;8 CIL;L-48/91-600;G-48-700;CL-48/91-615;
FORD;MUSTANG 4.6L, 4.0L, SHELBY 5.4L;2007 - 2014;6-8 CIL;L-48/91-600;G-48-700;CL-48/91-615;
FORD;MUSTANG COUPE, GT 3.7L, 4.0L, 5.0L;2007 - 2014;6 CIL;L-48/91-600;G-48-700;CL-48/91-615;
FORD;MUSTANG CZE;2001 - 2014;6-8 CIL;L-48/91-600;G-48-700;CL-48/91-615;
FORD;MUSTANG GT500 SHELBY;2008 - 2014;8 CIL;L-48/91-600;G-48-700;CL-48/91-615;
FORD;MYSTIQUE 2.0L, 2.5L;1995-2000;4-6 CIL;L-42-500;G-42-400;CL-42-400;
FORD;PATRULLA 4.6L CROWN VICTORIA;1998 - 2010;8 CIL;L-65-800;G-65-820;;
FORD;PATRULLA INTERCEPTOR FWD, 3.5L,;2015;6 CIL;L-65-800;G-65-820;;
FORD;PICK UP F-SERIES;1987 - 2004;6-8 CIL;L-65-800;G-65-820;;
FORD;POLICE INTERCEPTOR;2013;6-8 CIL;N/D;N/D;;
FORD;RANGER 2.3L;1983 - 2002;4 CIL;L-58-575;G-58-575;;T-58-420
FORD;RANGER 2.5L;2003 - 2015;4 CIL;L-48/91-600;G-48-700;CL-48/91-615;
FORD;RANGER ARGENTINA;2013;4 CIL;L-41-650;G-41-660;CL-41-650;
FORD;RAPTOR;2013 - 2014;6 CIL;L-65-800;G-65-820;;
FORD;SABLE 3.0L 24V;1996- 2005;6 CIL;L-24R-530;G-24R-710;;
FORD;SABLE 3.0L 24V;2008 - 2009;6 CIL;N/D;N/D;;
FORD;TAURUS;1996 - 2007;6 CIL;L-35-575;G-35-575;CL-35-550;
FORD;THUNDERBIRD 3.9L DOHC EFI;2002 - 2004;8 CIL;L-65-800;G-65-820;;
FORD;TRANSIT;2009;6 CIL;L-42-500;G-42-400;CL-42-400;
FORD;TRANSIT 2.2L DIESEL;2009 - 2014;4 CIL;L-48/91-600;G-48-700;CL-48/91-615;
FORD;WINDSTAR 3.8L LX;1995 - 2004;6 CIL;L-65-800;G-65-820;;
FORD;WINDSTAR 3.8L LXS;1995 - 2004;6 CIL;L-65-800;G-65-820;;
GENERAL MOTORS COMPANY (GMC);ACADIA;2007 - 2014;6 CIL;L-48/91-600;G-48-700;CL-48/91-615;
GENERAL MOTORS COMPANY (GMC);CANYON;2004 - 2014;6 CIL;L-48/91-600;G-48-700;CL-48/91-615;
GENERAL MOTORS COMPANY (GMC);SIERRA;1997 - 2002;6 CIL;L-48/91-600;G-48-700;CL-48/91-615;
GENERAL MOTORS COMPANY (GMC);SIERRA;2003 - 2014;6 CIL;L-34/78-750;G-34/78-800;;
GENERAL MOTORS COMPANY (GMC);TERRAIN;2013 - 2014;6 CIL;L-48/91-600;G-48-700;CL-48/91-615;
GENERAL MOTORS COMPANY (GMC);YUKON;1992 - 2006;6 CIL;L-34/78-750;G-34/78-800;;
GENERAL MOTORS COMPANY (GMC);YUKON;2007 - 2014;6 CIL;L-48/91-600;G-48-700;CL-48/91-615;
HONDA;ACCORD;2002;6 CIL;L-35-575;G-35-575;CL-35-550;
HONDA;ACCORD;2003;6 CIL;L-34/78-750;G-34/78-800;;
HONDA;ACCORD;1998- 2001;6 CIL;L-34/78-750;G-34/78-800;;
HONDA;ACCORD;2004 - 2005;6 CIL;L-35-575;G-35-575;CL-35-550;
HONDA;ACCORD;2006 - 2014;6 CIL;L-34/78-750;G-34/78-800;;
HONDA;ACCORD 2.3L;1998 - 2014;4 CIL;L-35-575;G-35-575;CL-35-550;T-34R-420
HONDA;ACCORD 2.4L, T/A;2003 - 2014;4 CIL;L-35-575;G-35-575;CL-35-550;T-34R-420
HONDA;ACCORD 2.4L, T/STD;2003 - 2014;4 CIL;L-51R-500;G-51R-500;CL-51R-500;T-58R-420
HONDA;CITY;2013 - 2014;4 CIL;L-51-500;G-51-500;CL-51-500;
HONDA;CIVIC HYBRID;2006 - 2007;4 CIL;L-NS40Z-320;N/D;CL-NS40Z-320;
HONDA;CIVIC, COUPE;1992 - 2014;4 CIL;L-51R-500;G-51R-500;CL-51R-500;T-58R-420
HONDA;CR-V  CRV;2002 - 2014;4 CIL;L-51R-500;G-51R-500;CL-51R-500;T-58R-420
HONDA;CROSSTOUR;2013 - 2014;6 CIL;L-35-575;G-35-575;CL-35-550;
HONDA;ELEMENT;2003 - 2012;4 CIL;L-51R-500;G-51R-500;CL-51R-500;T-58R-420
HONDA;ODYSSEY (LX, EXL, TOURING);1995 - 2014;6 CIL;L-24R-530;G-24R-710;CL-24R-530;
HONDA;PILOT;1995 - 2014;6 CIL;L-24R-530;G-24R-710;CL-24R-530;
HONDA;RIDGELINE;1995 - 2014;6 CIL;L-24R-530;G-24R-710;CL-24R-530;
HYUNDAI;ACCENT;1995-2010;TODOS;L-35-575;G-35-575;CL-35-550;
HYUNDAI;ACCENT;1995 -2010;TODOS;L-26R-500;G-26R-500;CL-26R-575;
HYUNDAI;ATOS;2001;1.1, PRIME;L-NS40Z-320;N/D;CL-NS40Z-320;N/D
HYUNDAI;AZERA;2006-2013;TODOS;L-35-575;G-35-575;CL-35-550;
HYUNDAI;AZERA;2006-2013;TODOS;L-26R-500;G-26R-500;CL-26R-575;
HYUNDAI;DINASTY;2000 - 2003;1.8;;;;
HYUNDAI;ELANTRA;1992-2013;1.6;L-51R-500;G-51R-500;CL-51R-500;T-58R-420
HYUNDAI;ELANTRA;2001 - 2007;2.0;L-51R-500;G-51R-500;CL-51R-500;T-58R-420
HYUNDAI;EXELL;1987-1994;TODOS;L-35-575;G-35-575;CL-35-550;
HYUNDAI;EQUUS;2011 - 2013;TODOS;L-48/91-600;G-48-700;CL-48/91-615;
HYUNDAI;EQUUS;2011 - 2013;TODOS;L-49- 900AGM;G-49-850;;
HYUNDAI;GENESIS GLX, COUPE;2009 - 2011;TODOS;L-48/91-615;G-49-850;CL-48/91-615;
HYUNDAI;GALLOPER;2004 - 2007;2.0, 2.4;;;;
HYUNDAI;GETZ;2004 - 2007;1.4, 1.6;;;;
HYUNDAI;GETZ;2004 - 2007;1.5, DIESEL;;;;
HYUNDAI;GRACE VAN;;2.4, 2.5;;;;
HYUNDAI;H1;2007;TODOS;L-34-600;G-34-600;CL-34-600;
HYUNDAI;H100 MINI VAN;1994;2.5, 2.7;L-34-600;G-34-600;CL-34-600;T-34-420
HYUNDAI;H100 TRUCK;1995;2.7;L-34-600;G-34-600;CL-34-600;T-34-420
HYUNDAI;HD;2004-2007;2.5, 2.7;;;;
HYUNDAI;I10, I30;2004 - 2007;1.6, 2.0;L-NS40Z-320;N/D;CL-NS40Z-320;N/D
HYUNDAI;MATRIX;2007-2008;1.6;L-26R-500;G-26R-500;CL-26R-575;T-34R-420
HYUNDAI;PONY;1987 - 1988;TODOS;L-26-500;G-26-500;CL-26-500;
HYUNDAI;PONY;1987 - 1988;TODOS;L-35-575;G-35-575;CL-35-550;
HYUNDAI;PORTER H100;2004 - 2007;2.5, 2.7;;;;
HYUNDAI;SANTA FE;2004 - 2007;2.4, 2.7 (4X4);L-24R-530;G-24R-710;CL-24R-530;T-34R-420
HYUNDAI;SCOUPE;1991 - 1996;TODOS;L-26R-500;G-26R-500;CL-26R-575;
HYUNDAI;SCOUPE;1991 - 1996;TODOS;L-35-575;G-35-575;CL-35-550;
HYUNDAI;SANTAMO;1998 - 2002;2.0;;;;
HYUNDAI;SONATA;1989 -1998;1.8, 2.0, 2.4;L-26-500;G-26-500;CL-26-500;
HYUNDAI;SONATA;1999 - 2011;1.8, 2.0, 2.4;L-24-530;G-24-710;CL-24-530;
HYUNDAI;STELLAR;1983 -1991;TODOS;L-34-600;G-34-600;CL-34-600;
HYUNDAI;STELLAR;1983 1991;TODOS;L-24-530;G-24-710;CL-24-530;
HYUNDAI;TERRACAN;2004 - 2007;2.9, 3.5;;;;
HYUNDAI;TIBURON;1997 - 2008;TODOS;L-24R-530;G-24R-710;CL-24R-530;
HYUNDAI;TRAJET;2007-2008;TODOS;L-58R-575;G-58R-575;CL-58R-575;
HYUNDAI;TRAJET;2004 - 2007;TODOS;L-42-500;G-42-400;CL-42-400;
HYUNDAI;TUCSON;2005-2013;TODOS;L-24-530;G-24-710;CL-24-530;
HYUNDAI;TUCSON;2005-2013;TODOS;L-26-500;G-26-500;CL-26-500;
HYUNDAI;VERACRUZ;2004 - 2007;3.0, 3.8;L-24R-530;G-24R-710;CL-24R-530;T-34R-420
HYUNDAI;VERNA;2004 -2006;TODOS;L-26R-500;G-26R-500;CL-26R-575;
HYUNDAI;VERNA;2004 -2006;TODOS;L-35-575;G-35-575;CL-35-550;
HYUNDAI;XG 300;2001;TODOS;L-26R-500;G-26R-500;CL-26R-575;
HYUNDAI;XG 300;2001;TODOS;L-35-575;G-35-575;CL-35-550;
HYUNDAI;XG 350;2001 - 2005;TODOS;;;;
HUMMER;H1;2002 - 2006;6 CIL;L-34/78-750;G-34/78-800;;
HUMMER;H2;2003 - 2007;6 CIL;L-34/78-750;G-34/78-800;;
HUMMER;H2;2008 - 2014;6 CIL;L-48/91-600;G-48-700;CL-48/91-615;
HUMMER;H3, T;2006 - 2014;6 CIL;L-75/86-675;G-75/86-650;;
INFINITI;FX;2013 - 2014;6 CIL;L-35-575;G-35-575;CL-35-550;
INFINITI;G COUPE, SEDAN;2013 - 2014;6 CIL;L-35-575;G-35-575;CL-35-550;
INFINITI;G37 COUPE, SEDAN;2008 - 2013;6 CIL;L-35-575;G-35-575;CL-35-550;
INFINITI;I30;1996- 2002;6 CIL;L-35-575;G-35-575;CL-35-550;
INFINITI;I30;2003 - 2004;6 CIL;L-35-575;G-35-575;CL-35-550;
INFINITI;I30;2005 - 2014;6 CIL;L-35-575;G-35-575;CL-35-550;
INFINITI;JX;2013 - 2014;6 CIL;L-35-575;G-35-575;CL-35-550;
INFINITI;M;2013 - 2014;6 CIL;L-35-575;G-35-575;CL-35-550;
INFINITI;M37;2011 - 2014;6 CIL;L-24R-530;G-24R-710;;
INFINITI;Q45;2007;6 CIL;L-34/78-750;G-34/78-800;;
INFINITI;Q45;2008;6 CIL;L-24R-530;G-24R-710;;
INFINITI;Q45;2009;6 CIL;L-34/78-750;G-34/78-800;;
INFINITI;Q45;2010;6 CIL;L-24R-530;G-24R-710;;
INFINITI;Q45;2011;6 CIL;L-34/78-750;G-34/78-800;;
INFINITI;Q45;1990 - 2006;6 CIL;L-24R-530;G-24R-710;;
INFINITI;Q45;2012 - 2014;6 CIL;L-24R-530;G-24R-710;;
INFINITI;QX;2013 - 2014;8 CIL;L-35-575;G-35-575;CL-35-550;
JAGUAR;F-TYPE;2014;6 CIL;L-49- 900AGM;G-49-850;;
JAGUAR;S-TYPE;1997 - 2012;6-8 CIL;L-49- 900AGM;G-49-850;;
JAGUAR;X-TYPE 2.5L, 3.0L;1997 - 2012;6 CIL;L-48/91-600;G-48-700;CL-48/91-615;
JAGUAR;XF-SERIES;2004 - 2014;6 CIL;L-49- 900AGM;G-49-850;;
JAGUAR;XJ SERIES;2009 - 2014;6-8 CIL;L-49- 900AGM;G-49-850;;
JAGUAR;XK SERIES;2011 - 2012;6-8 CIL;L-49- 900AGM;G-49-850;;
JAGUAR;XKR SERIES;2009 - 2014;6 CIL;L-47-550;G-47-600;;
JEEP;COMMANDER;2006 - 2012;6 CIL;L-48/91-600;G-48-700;CL-48/91-615;
JEEP;COMPASS;2007 - 2014;4 CIL;L-75/86-675;G-75/86-650;;
JEEP;GRAND CHEROKEE;1999 - 2004;8 CIL;L-65-800;G-65-820;;
JEEP;GRAND CHEROKEE;2008 - 2009;8 CIL;L-49- 900AGM;G-49-850;;
JEEP;GRAND CHEROKEE 4.0L;2005 - 2014;6 CIL;L-48/91-600;G-48-700;CL-48/91-615;
JEEP;JEEP CHEROKEE;1991 - 2012;6 CIL;L-34-600;G-34-600;CL-34-600;
JEEP;JEEP H100 (PICK UP, CHASIS CAB);2004 - 2010;4 CIL;L-34-600;G-34-600;CL-34-600;T-34-420
JEEP;JEEP H100 (PICK UP, CHASIS CAB);2004 - 2010;4 CIL;L-24-530;G-34-600;;
JEEP;JEEP NITRO;2007 - 2012;6 CIL;L-65-800;G-65-820;;
JEEP;JEEP WRANGLER 2.5L;1991 - 2010;4 CIL;L-34-600;G-34-600;CL-34-600;T-34-420
JEEP;LIBERTY SPORT 4X2 Y 4X4;2000 - 2001;6 CIL;L-75/86-675;G-75/86-650;;
JEEP;LIBERTY SPORT 4X2 Y 4X4;2003 - 2013;6 CIL;L-34-600;G-34-600;CL-34-600;
JEEP;PATRIOT;2006 - 2014;4 CIL;L-75/86-675;G-75/86-650;;
JEEP;WRANGLER (SE, X, RUBICON);1991 - 2005;6 CIL;L-34-600;G-34-600;CL-34-600;
LAND_ROVER;DEFENDER;2013 - 2014;8 CIL;L-24-530;G-34-600;;
LAND_ROVER;DISCOVERY (S, SE, HSE);1998 - 2004;8 CIL;L-34-600;G-34-600;CL-34-600;
LAND_ROVER;EVOQUE;2013 - 2014;6 CIL;L-48/91-600;G-48-700;CL-48/91-615;
LAND_ROVER;FREELANDER;2003 - 2005;4-6 CIL;L-47-550;G-47-600;;
LAND_ROVER;FREELANDER (S, SE, SE3, HSE);2002;4-6 CIL;L-48/91-600;G-48-700;CL-48/91-615;
LAND_ROVER;LR2;2005 - 2014;6 CIL;L-48/91-600;G-48-700;CL-48/91-615;
LAND_ROVER;LR3;2005 - 2012;6 CIL;L-49- 900AGM;G-49-850;;
LAND_ROVER;LR4;2013 - 2014;6 CIL;L-49- 900AGM;G-49-850;;
LAND_ROVER;RANGE ROVER;1999 - 2014;6 CIL;L-49- 900AGM;G-49-850;;
LAND_ROVER;RANGE ROVER SPORT;2009 - 2014;6 CIL;L-48/91-600;G-48-700;CL-48/91-615;
LINCOLN;AVIATOR 4.6L;2000 - 2012;8 CIL;L-65-800;G-65-820;;
LINCOLN;BLACKWOOD 5.4L;2000 - 2012;8 CIL;L-65-800;G-65-820;;
LINCOLN;CONTINENTAL 4.6L;2000-2012;8 CIL;L-65-800;G-65-820;;
LINCOLN;CX-5;2013 - 2014;4 CIL;L-35-575;G-35-575;CL-35-550;T-34R-420
LINCOLN;CX-7, GRAND TOURING, SPORT;2004 - 2012;6 CIL;L-35-575;G-35-575;CL-35-550;
LINCOLN;CX-9, GRAND TOURING, SPORT;2007 - 2014;6 CIL;L-24R-530;G-24R-710;;
LINCOLN;LS 3.9L, 3.0L;2000-2012;6 CIL;L-65-800;G-65-820;;
LINCOLN;MARK LT;1998 - 2014;6 CIL;L-65-800;G-65-820;;
LINCOLN;MARK VIII 4.6L;1993 - 2012;8 CIL;L-65-800;G-65-820;;
LINCOLN;MAZDA;;;;;;
LINCOLN;MKC;2015;6 CIL;L-65-800;G-65-820;;
LINCOLN;MKS 3.5L ECOBOOST;2007 - 2014;6 CIL;L-65-800;G-65-820;;
LINCOLN;MKX 3.5L;2007 - 2014;6 CIL;L-47-550;G-47-600;;
LINCOLN;MKX 3.5L;2015 - 2016;6 CIL;L-49- 900AGM;G-49-850;;
LINCOLN;MKZ ECOBOOST GTDI 2.0L I4;2007 - 2014;6 CIL;L-47-550;G-47-600;;
LINCOLN;MKZ 2.0L ECOBOOST 3.5L , 3.7L;2013 - 2016;4-6 CIL;L-47-550;G-47-600;;
LINCOLN;NAVIGATOR 5.4L;2013 - 2014;8 CIL;L-65-800;G-65-820;;
LINCOLN;TOWN CAR 4.6L;1994 - 2012;8 CIL;L-65-800;G-65-820;;
LINCOLN;ZEPHYR 2.3L, 2.5L, 3.0L;2006 - 2012;4-6 CIL;L-48/91-600;G-48-700;CL-48/91-615;
LINCOLN;;;;;;;
MAZDA;MAZDA 2;2009 - 2010;4 CIL;L-35-575;G-35-575;CL-35-550;T-34R-420
MAZDA;MAZDA 2;2011 - 2014;4 CIL;L-26R-500;G-26R-500;CL-26R-500;T-34R-420
MAZDA;MAZDA 3 TODAS LAS VERSIONES;2004 - 2014;4 CIL;L-35-575;G-35-575;CL-35-550;T-34R-420
MAZDA;MAZDA 5, TOURING, TURBO;2006 - 2014;4 CIL;L-35-575;G-35-575;CL-35-550;T-34R-420
MAZDA;MAZDA 6 SPORT, GT, 2.4L, 3.7L;2003 - 2014;4-6 CIL;L-51R-500;G-51R-500;CL-51R-500;
MAZDA;MAZDA 6, GRAND SPORT;2005 - 2014;6 CIL;L-41-650;G-41-660;CL-41-650;
MAZDA;MX-5;2006 - 2014;4 CIL;L-51R-500;G-51R-500;CL-51R-500;T-58R-420
MERCEDES BENZ;CLASE A, 160,190;1994 - 2014;4 CIL;L-49- 900AGM;G-49-850;;
MERCEDES BENZ;CLASE C TODAS LAS VERSIONES;1994 - 2014;4-6 CIL;L-49- 900AGM;G-49-850;;
MERCEDES BENZ;CLASE CL TODAS LAS VERSIONES;1994 - 2014;4-6 CIL;L-49- 900AGM;G-49-850;;
MERCEDES BENZ;CLASE CLK TODAS LAS VERSIONES;1994 - 2014;4-6 CIL;L-49- 900AGM;G-49-850;;
MERCEDES BENZ;CLASE CLS TODAS LAS VERSIONES;2011 - 2014;6 CIL;L-49- 900AGM;G-49-850;;
MERCEDES BENZ;CLASE E TODAS LAS VERSIONES;1994 - 2014;6 CIL;L-49- 900AGM;G-49-850;;
MERCEDES BENZ;CLASE S TODAS LAS VERSIONES;1994 - 2014;6-8 CIL;L-49- 900AGM;G-49-850;;
MERCEDES BENZ;CLASE SL TODAS LAS VERSIONES;1994 - 2014;6 CIL;L-49- 900AGM;G-49-850;;
MERCEDES BENZ;CLASE SLK TODAS LAS VERSIONES;1994 - 2014;6 CIL;L-49- 900AGM;G-49-850;;
MERCEDES BENZ;CLASE SLS;2013 - 2014;6 CIL;L-48/91-600;G-48-700;CL-48/91-615;
MERCEDES_BENZ;CLASE G TODAS LAS VER- SIONES;1994 - 2014;6 CIL;L-49- 900AGM;G-49-850;;
MERCEDES_BENZ;CLASE M TODAS LAS VER- SIONES;1994 - 2014;6 CIL;L-49- 900AGM;G-49-850;;
MERCEDES_BENZ;SPRINTER;2014;6 CIL;L-49- 900AGM;G-49-850;;
MERCEDES_BENZ;VITO COMFORT, VIP;2013 - 2014;6 CIL;L-49- 900AGM;G-49-850;;
MERCURY;MARINER;2005 - 2014;6 CIL;L-48/91-600;G-48-700;CL-48/91-615;
MERCURY;MILAN 3.0L;2006 - 2014;6 CIL;L-48/91-600;G-48-700;CL-48/91-615;
MERCURY;MONTEGO;2005 - 2007;6 CIL;N/D;N/D;;
MERCURY;MONTEGO 3.0L;2005 - 2007;6 CIL;L-24R-530;G-24R-710;;
MG ROVER;MG R75 (SEDAN,TOURER);2003 - 2014;6 CIL;L-48/91-600;G-48-700;CL-48/91-615;
MG ROVER;MG TF;2003 - 2014;4 CIL;L-47-550;G-47-600;;T-58R-420
MG ROVER;MG TR;2003 - 2014;6 CIL;L-47-550;G-47-600;;
MG ROVER;MG ZT;2003 - 2014;6 CIL;L-48/91-600;G-48-700;CL-48/91-615;
MINI COOPER;COOPER;2013 - 2014;4 CIL;L-47-550;G-47-600;;T-58R-420
MINI COOPER;MINI CLUBMAN, CONVERTIBLE;2009 - 2014;4 CIL;L-48/91-600;G-48-700;CL-48/91-615;
MINI COOPER;MINI COOPER CHILI;2002 - 2004;4 CIL;L-47-550;G-47-600;;T-58R-420
MINI COOPER;MINI COOPER CHILI;2005 - 2007;4 CIL;L-48/91-600;G-48-700;CL-48/91-615;
MINI COOPER;MINI COOPER CHILI;2008 - 2014;4 CIL;L-47-550;G-47-600;;T-58R-420
MINI COOPER;MINI COOPER JCW;2002 - 2004;4 CIL;L-48/91-600;G-48-700;CL-48/91-615;
MINI COOPER;MINI COOPER JCW;2005 - 2012;4 CIL;L-47-550;G-47-600;;T-58R-420
MINI COOPER;MINI COOPER PEPPER;2002 - 2009;4 CIL;L-47-550;G-47-600;;T-58R-420
MINI COOPER;MINI COOPER PEPPER;2010 - 2014;4 CIL;L-48/91-600;G-48-700;CL-48/91-615;
MINI COOPER;MINI COOPER SALT;2002 - 2007;4 CIL;L-47-550;G-47-600;;T-58R-420
MINI COOPER;MINI COOPER SALT;2008 - 2010;4 CIL;L-48/91-600;G-48-700;CL-48/91-615;
MINI COOPER;MINI COOPER SALT;2011 - 2014;4 CIL;L-47-550;G-47-600;;T-58R-420
MINI COOPER;MINI COUNTRYMAN;2011 - 2014;4 CIL;L-48/91-600;G-48-700;CL-48/91-615;
MITSUBISHI;ECLIPSE;2006 - 2012;6 CIL;L-24-530;G-34-600;;
MITSUBISHI;ECLIPSE GT;1990- 2005;6 CIL;L-75/86-675;G-75/86-650;;
MITSUBISHI;ENDEAVOR;2004 - 2012;6 CIL;L-24-530;G-34-600;;
MITSUBISHI;GALANT;1990-2000;6 CIL;L-24-530;G-34-600;;
MITSUBISHI;GALANT;2001 - 2007;6 CIL;L-75/86-675;G-75/86-650;;
MITSUBISHI;GALANT;2008 - 2012;6 CIL;L-24-530;G-34-600;;
MITSUBISHI;GRANDIS 2.4L;2008 - 2012;4 CIL;L-35-575;G-35-575;CL-35-550;T-34R-420
MITSUBISHI;L200 2.4L, 2.5L;2008 - 2014;6 CIL;L-27F-520;N/D;;
MITSUBISHI;LANCER, 2.2L, 2.4L;2003 - 2014;4 CIL;L-35-575;G-35-575;CL-35-550;T-34R-420
MITSUBISHI;MONTERO;2001 - 2006;6 CIL;L-24R-530;G-24R-710;;
MITSUBISHI;MONTERO (LIMITED, SPORT XLS);1995 - 2004;6 CIL;L-24-530;G-34-600;;
MITSUBISHI;OUTLANDER 2.4L;2003 - 2008;4 CIL;L-35-575;G-35-575;CL-35-550;T-34R-420
MITSUBISHI;OUTLANDER 2.4L;2009 - 2010;4 CIL;L-24R-530;G-24R-710;;T-34R-420
MITSUBISHI;OUTLANDER 2.4L;2011 - 2014;4-6 CIL;L-35-575;G-35-575;CL-35-550;
MITSUBISHI;OUTLANDER 3.0L;2007 - 2014;4-6 CIL;L-24R-530;G-24R-710;;
NISSAN;350Z (TOURING TM, TA);2004 - 2007;6 CIL;L-35-575;G-35-575;CL-35-550;
NISSAN;370Z;2013 - 2014;6 CIL;L-35-575;G-35-575;CL-35-550;
NISSAN;ALMERA;2001 - 2012;4 CIL;L-47-550;G-47-600;;T-58R-420
NISSAN;ALTIMA (S, SE, SL);1996 - 2006;4 CIL;L-24R-530;G-24R-710;;T-34R-420
NISSAN;ALTIMA (S, SE, SL);2007 - 2014;4-6 CIL;L-35-575;G-35-575;CL-35-550;
NISSAN;APRIO;2009 - 2012;4 CIL;L-47-550;G-47-600;;T-58R-420
NISSAN;ARMADA;2004 - 2014;6-8 CIL;L-24R-530;G-24R-710;;
NISSAN;FRONTIER;1998 - 2014;6 CIL;L-24-530;G-34-600;;
NISSAN;FRONTIER;2005 - 2010;6 CIL;L-34/78-750;G-34/78-800;;
NISSAN;FRONTIER;2011 - 2014;6 CIL;L-35-575;G-35-575;CL-35-550;
NISSAN;ICHI VAN;1986 - 2001;4 CIL;L-22F-450;G-22F-450;;T-58R-420
NISSAN;JUKE 1.6L;2013 - 2014;4 CIL;L-35-575;G-35-575;CL-35-550;T-34R-420
NISSAN;LUCINO 1.6L, 2.0L;1995 - 2012;4 CIL;L-35-575;G-35-575;CL-35-550;T-34R-420
NISSAN;MARCH;2011 - 2014;4 CIL;L-99-390;G-99-390;;T-58R-420
NISSAN;MAXIMA (SE, GLE);2000-2008;4-6 CIL;L-34/78-750;G-34/78-800;;
NISSAN;MAXIMA 3.0L;2009 - 2014;4-6 CIL;L-35-575;G-35-575;CL-35-550;
NISSAN;MAXIMA 3.0L (SE, GLE);2000-2007;6 CIL;L-24R-530;G-24R-710;;
NISSAN;MICRA;2004 - 2007;4 CIL;L-99-390;G-99-390;;T-58R-420
NISSAN;MURANO (SE AWD, SL2WD);2003 - 2014;6 CIL;L-35-575;G-35-575;CL-35-550;
NISSAN;NP300;2013 - 2014;6 CIL;L-26R-500;G-26R-500;CL-26R-500;
NISSAN;PATHFINDER;1993 - 2004;6 CIL;L-24-530;G-34-600;;
NISSAN;PATHFINDER;2013 - 2014;6 CIL;L-35-575;G-35-575;CL-35-550;
NISSAN;PATHFINDER LE 4X2-4X4;2004 - 2014;8 CIL;L-24R-530;G-24R-710;;
NISSAN;PICK UP (DIESEL, KING CAB, CHASIS, ESTACAS);1999 - 2014;4-6 CIL;L-24-530;G-34-600;;
NISSAN;PICK UP (DIESEL, KING CAB, CHASIS, ESTACAS);2003 - 2014;4-6 CIL;L-24R-530;G-24R-710;;
NISSAN;PLATINA (Q, K, K PLUS, A);2001 - 2012;4 CIL;L-47-550;G-47-600;;T-58R-420
NISSAN;QUEST (GLE GXE);1993 - 2003;6 CIL;L-35-575;G-35-575;CL-35-550;
NISSAN;QUEST (S, SE, SL);2004 - 2012;6 CIL;L-24R-530;G-24R-710;;
NISSAN;ROUGE;2004 - 2014;4 CIL;L-24R-530;G-24R-710;;T-34R-420
NISSAN;SENTRA (SE,R,LE,GXE,XE);1995 - 2014;4 CIL;L-35-575;G-35-575;CL-35-550;T-34R-420
NISSAN;SENTRA (SE,R,LE,GXE,XE);1995 - 2014;4 CIL;L-24R-530;G-24R-710;;T-34R-420
NISSAN;TIIDA, HATCH, SEDAN;2007 - 2014;4 CIL;L-47-550;G-47-600;;T-58R-420
NISSAN;TITAN;2004 - 2014;6-8 CIL;L-24R-530;G-24R-710;;
NISSAN;TSUBAME (GS, GST, GSX);2000-2006;4 CIL;L-35-575;G-35-575;CL-35-550;T-34R-420
NISSAN;TSURU (GSII, GSI, GSR 2000;1995 - 2014;4 CIL;L-35-575;G-35-575;CL-35-550;T-34R-420
NISSAN;URVAN;1996 - 2006;6 CIL;L-35-575;G-35-575;CL-35-550;
NISSAN;URVAN;1996 - 2012;6 CIL;L-34-600;G-34-600;CL-34-600;
NISSAN;VERSA;2009 - 2014;4 CIL;L-42-400;G-42-400;CL-42-400;T-58R-420
NISSAN;VERSA, CVT;2009 - 2015;4 CIL;L-51R-500;G-51R-500;CL-51R-500;T-58R-420
NISSAN;X-TERRA;1998 - 2012;6 CIL;L-75/86-675;G-75/86-650;;
NISSAN;X-TRAIL;2000 - 2014;4-6 CIL;L-24R-530;G-24R-710;;
PEUGEOT;107;2012;4 CIL;L-99-390;G-99-390;;T-58R-420
PEUGEOT;307;2000-2012;4 CIL;L-47-550;G-47-600;;T-58R-420
PEUGEOT;406;1996- 2004;4 CIL;L-48/91-600;G-48-700;CL-48/91-615;
PEUGEOT;407;2004 - 2012;4 CIL;L-47-550;G-47-600;;T-58R-420
PEUGEOT;508;2012 - 2014;6 CIL;L-41-650;G-41-660;CL-41-650;
PEUGEOT;607;2004 - 2012;6 CIL;L-26R-500;G-26R-500;CL-26R-500;
PEUGEOT;607;2004 - 2012;6 CIL;L-47-550;G-47-600;;
PEUGEOT;3008;2013 - 2014;4 CIL;L-47-550;G-47-600;;T-58R-420
PEUGEOT;206 CC;2000-2012;4 CIL;L-26R-500;G-26R-500;CL-26R-500;T-34R-420
PEUGEOT;206, 207;2000-2013;4 CIL;L-47-550;G-47-600;;T-58R-420
PEUGEOT;207 CC;2013;4 CIL;L-47-550;G-47-600;;T-58R-420
PEUGEOT;207 CC, E;2006 - 2012;4 CIL;L-48/91-600;G-48-700;CL-48/91-615;
PEUGEOT;3008 TURBO;2009 - 2012;4 CIL;L-48/91-600;G-48-700;CL-48/91-615;
PEUGEOT;308 CC;2014;4 CIL;L-41-650;G-41-660;CL-41-650;
PEUGEOT;308 RC;2007 - 2014;4 CIL;L-41-650;G-41-660;CL-41-650;
PEUGEOT;308, CC;2000-2014;4 CIL;L-48/91-600;G-48-700;CL-48/91-615;
PEUGEOT;EXPERT;2009 - 2012;6 CIL;L-48/91-600;G-48-700;CL-48/91-615;
PEUGEOT;GRAND RAID;2004 - 2012;4 CIL;L-26R-500;G-26R-500;CL-26R-500;T-34R-420
PEUGEOT;MANAGER;2007 - 2014;6 CIL;L-49- 900AGM;G-49-850;;
PEUGEOT;PARTNER, PARTNER MAYA;2004 - 2014;4 CIL;L-47-550;G-47-600;;T-58R-420
PEUGEOT;RCZ TURBO;2013 - 2014;6 CIL;L-48/91-600;G-48-700;CL-48/91-615;
PIAGIO;APE DIESEL;2003 - 2014;N/D;L-99-390;G-99-390;;T-58R-420
PIAGIO;APE GASOLINA;2003 - 2014;N/D;L-24R-530;G-24R-710;;T-34R-420
PIAGIO;PORTER DIESEL;2003 - 2014;N/D;L-47-550;G-47-600;;T-58R-420
PIAGIO;PORTER GASOLINA;2003 - 2014;N/D;L-51R-500;G-51R-500;CL-51R-500;
PONTIAC;AZTEK;1992 - 2006;6 CIL;L-34/78-750;G-34/78-800;;
PONTIAC;BONEVILLE;2012;6 CIL;L-75-575;G-75-600;;
PONTIAC;BONEVILLE;1994- 2004;6 CIL;L-34/78-750;G-34/78-800;;
PONTIAC;G3;2006 - 2012;4 CIL;L-75/86-675;G-75/86-650;;
PONTIAC;G4;2005 - 2008;4 CIL;L-47-550;G-47-600;;T-58R-420
PONTIAC;G5;2005 - 2009;4 CIL;L-47-550;G-47-600;;T-58R-420
PONTIAC;G6;2006 - 2012;6 CIL;L-75/86-675;G-75/86-650;;
PONTIAC;GRAND AM;1993- 2005;6 CIL;L-75-575;G-75-600;;
PONTIAC;GRAND PRIX;1996- 2003;6 CIL;L-34/78-750;G-34/78-800;;
PONTIAC;GRAND PRIX;2004 - 2008;6 CIL;L-34-600;G-34-600;CL-34-600;
PONTIAC;GRAND PRIX;2005 - 2008;8 CIL;L-75/86-675;G-75/86-650;;
PONTIAC;MATIZ;2003 - 2012;4 CIL;L-NS40Z-320;N/D;CL-NS40Z-320;
PONTIAC;SOLSTICE;2006 - 2012;6 CIL;L-75/86-675;G-75/86-650;;
PONTIAC;SUNFIRE GT 2.2L, 2.4L;1993 - 2012;6 CIL;L-75-575;G-75-600;;
PONTIAC;TORRENT;2006;6 CIL;L-75-575;G-75-600;;
PONTIAC;TORRENT;2007;6 CIL;L-47-550;G-47-600;;
PONTIAC;TORRENT;2008;6 CIL;L-75-575;G-75-600;;
PORSCHE;911 TODAS LAS VERSIONES;1997 - 2014;6-8 CIL;L-48/91-600;G-48-700;CL-48/91-615;
PORSCHE;BOXTER TODAS LAS VERSIONES;1997 - 2014;6-8 CIL;L-48/91-600;G-48-700;CL-48/91-615;
PORSCHE;CAYENNE TODAS LAS VER- SIONES;2004 - 2014;6-8 CIL;L-49- 900AGM;G-49-850;;
PORSCHE;PANAMERA TODAS LAS VERSIONES;2004 - 2014;6-8 CIL;L-49- 900AGM;G-49-850;;
RENAULT;CLIO;2001 - 2012;6 CIL;L-47-550;G-47-600;;
RENAULT;CLIO (SPORT);2001 - 2012;4 CIL;L-26R-500;G-26R-500;CL-26R-500;T-34R-420
RENAULT;DUSTER;2013 - 2014;4 CIL;L-34/78-750;G-34/78-800;;
RENAULT;FLUENCE;2009 - 2014;4 CIL;L-48/91-600;G-48-700;CL-48/91-615;
RENAULT;KANGOO;2004 - 2012;4 CIL;L-47-550;G-47-600;;T-58R-420
RENAULT;KOLEOS;2009 - 2014;4 CIL;L-34/78-750;G-34/78-800;;
RENAULT;LAGUNA (GRAND TOUR);2001 - 2012;6 CIL;L-48/91-600;G-48-700;CL-48/91-615;
RENAULT;MEGANE;1995- 2002;4 CIL;L-47-550;G-47-600;;T-58R-420
RENAULT;MEGANE, GT, II, III, RS, SS;2003 - 2012;4 CIL;L-48/91-600;G-48-700;CL-48/91-615;
RENAULT;SAFRANE;2009 - 2014;6 CIL;L-34/78-750;G-34/78-800;;
RENAULT;SANDERO;2010 - 2014;4 CIL;L-47-550;G-47-600;;T-58R-420
RENAULT;SCALA;2010 - 2013;4 CIL;L-35-575;G-35-575;CL-35-550;T-34R-420
RENAULT;SCENIC;2001 - 2012;4 CIL;L-47-550;G-47-600;;T-58R-420
RENAULT;STEPWAY;2013 - 2014;4 CIL;L-47-550;G-47-600;;T-58R-420
RENAULT;TRAFIC;2009 - 2014;6 CIL;L-48/91-600;G-48-700;CL-48/91-615;
SAAB;93;1990 - 2014;6 CIL;L-48/91-600;G-48-700;CL-48/91-615;
SAAB;95;1990 - 2014;6 CIL;L-48/91-600;G-48-700;CL-48/91-615;
SEAT;ALHAMBRA;2002 - 2007;6 CIL;L-47-550;G-47-600;;
SEAT;ALTEA XL;2005 - 2014;4 CIL;L-47-550;G-47-600;;T-58R-420
SEAT;BOCA NEGRA;2010- 2012;4 CIL;L-47-550;G-47-600;;T-58R-420
SEAT;CORDOBA;2000-2012;4 CIL;L-47-550;G-47-600;;T-58R-420
SEAT;EXCEO;2011 - 2012;4 CIL;L-47-550;G-47-600;;T-58R-420
SEAT;FREETRACK;2013 - 2014;4 CIL;L-47-550;G-47-600;;T-58R-420
SEAT;IBIZA;2000-2014;4 CIL;L-47-550;G-47-600;;T-58R-420
SEAT;LEÓN REFERENCE, STYLANCE;2009 - 2014;4 CIL;L-48/91-600;G-48-700;CL-48/91-615;
SEAT;LEON, FR, Z;2000-2014;4 CIL;L-47-550;G-47-600;;T-58R-420
SEAT;TOLEDO;2000-2006;4 CIL;L-47-550;G-47-600;;T-58R-420
SEAT;TOLEDO;2013 - 2014;4 CIL;L-99-390;G-99-390;;T-58R-420
SMART;BRABUS;2013;4 CIL;L-99-390;G-99-390;;T-58R-420
SMART;BRABUS;2014;4 CIL;L-47-550;G-47-600;;T-58R-420
SMART;CITY (FORTWO, FORFOUR);2004 - 2012;4 CIL;L-99-390;G-99-390;;T-58R-420
SUBARU;FORESTER;1994 - 2014;4 CIL;L-35-575;G-35-575;CL-35-550;T-34R-420
SUBARU;IMPREZA, 2.5i, 2.0r, WRX;1994 - 2012;4 CIL;L-35-575;G-35-575;CL-35-550;T-34R-420
SUBARU;LEGACY, 2.0r, 2.5i, 3.0r;1994 - 2014;4 CIL;L-35-575;G-35-575;CL-35-550;T-34R-420
SUBARU;OUTBACK 2.5L XT;1994 - 2012;4 CIL;L-35-575;G-35-575;CL-35-550;T-34R-420
SUBARU;OUTBACK 2.5L XT;2013 - 2014;4 CIL;L-24R-530;G-24R-710;;T-34R-420
SUBARU;TRIBECA;2005 - 2014;4 CIL;L-35-575;G-35-575;CL-35-550;T-34R-420
SUBARU;WRX;2013 - 2014;4 CIL;L-35-575;G-35-575;CL-35-550;T-34R-420
SUZUKI;AERIO;2002 - 2012;4 CIL;L-24R-530;G-24R-710;;T-34R-420
SUZUKI;GRAND VITARA (GL. GLS);2001 - 2014;6 CIL;L-24R-530;G-24R-710;;
SUZUKI;KIZASHI 2.4L;2013 - 2014;4 CIL;L-24R-530;G-24R-710;;T-34R-420
SUZUKI;PICK UP;2005 - 2012;6 CIL;L-24R-530;G-24R-710;;
SUZUKI;SWIFT 1.3L;1989 - 2014;4 CIL;L-51-500;G-51-500;CL-51-500;
SUZUKI;SX4;2007 - 2014;4 CIL;L-24R-530;G-24R-710;;T-34R-420
SUZUKI;XL7;2004 - 2006;6 CIL;L-24R-530;G-24R-710;;
SUZUKI;XL7;2006 - 2009;6 CIL;L-75/86-675;G-75/86-650;;
SUZUKI;XL7;2007 - 2012;6 CIL;L-47-550;G-47-600;;
TOYOTA;4 RUNNER;2000 - 2012;6 CIL;L-24R-530;G-24R-710;;
TOYOTA;4 RUNNER (SPORT, LIMITED, SR5);2000 - 2008;6 CIL;L-34/78-750;G-34/78-800;;
TOYOTA;AVANZA;2007 - 2014;4 CIL;L-NS40Z-320;N/D;CL-NS40Z-320;
TOYOTA;CAMRY (LE, XLE, SE);2000-2003;6 CIL;L-35-575;G-35-575;CL-35-550;
TOYOTA;CAMRY (LE, XLE, SE);2000-2008;6 CIL;L-24R-530;G-24R-710;;
TOYOTA;COROLLA (CE, S, LE);2007 - 2014;4 CIL;L-35-575;G-35-575;CL-35-550;T-34R-420
TOYOTA;FJ CRUSIER;2007 - 2014;6 CIL;L-27F-520;N/D;;
TOYOTA;HIACE;2005 - 2007;6 CIL;L-24-530;G-34-600;;
TOYOTA;HIACE;2005 - 2007;6 CIL;L-24-530;G-34-600;;
TOYOTA;HIGHLANDER;2009 - 2014;6 CIL;L-35-575;G-35-575;CL-35-550;
TOYOTA;HILUX;2000 - 2014;6 CIL;L-24R-530;G-24R-710;;
TOYOTA;HILUX DOBLE CABINA, POWER, SR;2000 - 2014;6 CIL;L-34/78-750;G-34/78-800;;
TOYOTA;LAND CRUISER;2000 - 2014;6 CIL;L-27F-520;N/D;;
TOYOTA;MATRIX (XR, XRS) 1.8L;2003 - 2011;4 CIL;L-35-575;G-35-575;CL-35-550;T-34R-420
TOYOTA;MATRIX (XR, XRS) 2.4L;2009 - 2011;4 CIL;L-24R-530;G-24R-710;;T-34R-420
TOYOTA;MR2 SPYDER;2004 - 2006;4 CIL;L-51R-500;G-51R-500;CL-51R-500;T-58R-420
TOYOTA;PRIUS;2013 - 2014;4 CIL;L-51-500;G-51-500;CL-51-500;
TOYOTA;RAV4 (BASE, SPORT, LIMITED);2014;6 CIL;L-35-575;G-35-575;CL-35-550;
TOYOTA;RAV4 (BASE, SPORT, LIMITED);1994 - 2003;4-6 CIL;L-35-575;G-35-575;CL-35-550;
TOYOTA;RAV4 (BASE, SPORT, LIMITED);2004 - 2013;4-6 CIL;L-24R-530;G-24R-710;;
TOYOTA;SEQUOIA LIMITED, PLATINUM, SR5;2009 - 2014;6-8 CIL;L-27F-520;N/D;;
TOYOTA;SIENNA (CE, LE, XLE, LIMITED);2000 - 2014;6 CIL;L-24R-530;G-24R-710;;
TOYOTA;SOLARA;1990 - 2012;6 CIL;L-35-575;G-35-575;CL-35-550;
TOYOTA;TACOMA;2006;6 CIL;L-27F-520;N/D;;
TOYOTA;TACOMA;1995 - 2000;4 CIL;L-24R-530;G-24R-710;;T-34R-420
TOYOTA;TACOMA;1995 - 2003;6 CIL;L-35-575;G-35-575;CL-35-550;
TOYOTA;TACOMA;2001 - 2004;4 CIL;L-35-575;G-35-575;CL-35-550;T-34R-420
TOYOTA;TACOMA;2004 - 2005;6 CIL;L-24R-530;G-24R-710;;
TOYOTA;TACOMA;2005 - 2014;4 CIL;L-24R-530;G-24R-710;;T-34R-420
TOYOTA;TACOMA;2007 - 2008;6 CIL;L-24R-530;G-24R-710;;
TOYOTA;TACOMA;2009 - 2014;6 CIL;L-27F-520;N/D;;
TOYOTA;TUNDRA;2000 - 2014;6 CIL;L-24R-530;G-24R-710;;
TOYOTA;TUNDRA, D-CAB, LTD, SR5;2009 - 2014;6 CIL;L-27F-520;N/D;;
TOYOTA;YARIS, SEDAN, HATCH;2004 - 2014;4 CIL;L-35-575;G-35-575;CL-35-550;T-34R-420
VOLKSWAGEN;AMAROK;2013 - 2014;6 CIL;L-48/91-600;G-48-700;CL-48/91-615;
VOLKSWAGEN;BEETLE GLS, GLX SPORT, TUR- BO CABRIO;1998 - 2014;4 CIL;L-47-550;G-47-600;;T-58R-420
VOLKSWAGEN;BORA (TODAS LAS VERSIONES);2005 - 2012;5 CIL;L-47-550;G-47-600;;
VOLKSWAGEN;CC;2013 - 2014;4 CIL;L-48/91-600;G-48-700;CL-48/91-615;
VOLKSWAGEN;CC;2013 - 2014;6 CIL;L-49- 900AGM;G-49-850;;
VOLKSWAGEN;COMBI/PANEL;1970 - 2001;4 CIL;L-42-400;G-42-400;CL-42-400;T-58R-420
VOLKSWAGEN;CRAFTER;2013 - 2014;6 CIL;L-49- 900AGM;G-49-850;;
VOLKSWAGEN;CROSSFOX;2007 - 2014;4 CIL;L-47-550;G-47-600;;T-58R-420
VOLKSWAGEN;DERBY TODAS LAS VERSIONES;1995 - 2008;4 CIL;L-47-550;G-47-600;;T-58R-420
VOLKSWAGEN;EUROVAN (CARGA PASAJEROS);1996 - 2012;6 CIL;L-47-550;G-47-600;;
VOLKSWAGEN;GOL;2007 - 2014;4 CIL;L-47-550;G-47-600;;T-58R-420
VOLKSWAGEN;GOLF;1998 - 2010;4 CIL;L-47-550;G-47-600;;T-58R-420
VOLKSWAGEN;GOLF (TODAS LAS VERSIONES);1998 - 2014;4 CIL;L-47-550;G-47-600;;T-58R-420
VOLKSWAGEN;GTI;2009 - 2012;4 CIL;L-48/91-600;G-48-700;CL-48/91-615;
VOLKSWAGEN;JETTA;1998 - 2010;4 CIL;L-47-550;G-47-600;;T-58R-420
VOLKSWAGEN;JETTA (TODAS LAS VERSIONES);2000-2014;4 CIL;L-47-550;G-47-600;;T-58R-420
VOLKSWAGEN;LUPO;1997- 2005;4 CIL;L-47-550;G-47-600;;T-58R-420
VOLKSWAGEN;PASSAT 1.8L;2005;6 CIL;L-49- 900AGM;G-49-850;;
VOLKSWAGEN;PASSAT 1.8L;1998- 2004;6 CIL;L-48/91-600;G-48-700;CL-48/91-615;
VOLKSWAGEN;PASSAT 2.0L, 2.0L DIESEL;2004 - 2005;6 CIL;L-41-650;G-41-660;CL-41-650;
VOLKSWAGEN;PASSAT 2.0L, 2.0L DIESEL, 2.0L CC;2006 - 2014;6 CIL;L-47-550;G-47-600;;
VOLKSWAGEN;PASSAT 2.5L, 3.6L;2012 - 2014;6 CIL;L-47-550;G-47-600;;
VOLKSWAGEN;PASSAT 3.6L, 3.6L CC;2006 - 2010;6 CIL;L-48/91-600;G-48-700;CL-48/91-615;
VOLKSWAGEN;PASSAT W8 4.0L;2002;6 CIL;L-48/91-600;G-48-700;CL-48/91-615;
VOLKSWAGEN;PASSAT W8 4.0L;2003 - 2004;6 CIL;L-41-650;G-41-660;CL-41-650;
VOLKSWAGEN;POINTER TODAS LAS VERSIONES;1998 - 2009;4 CIL;L-41-650;G-41-660;CL-41-650;
VOLKSWAGEN;POLO TODAS LAS VERSIONES;2003 - 2014;4 CIL;L-47-550;G-47-600;;T-58R-420
VOLKSWAGEN;ROUTAN;2008 - 2012;6 CIL;L-34-600;G-34-600;CL-34-600;
VOLKSWAGEN;ROUTAN;2013 - 2014;6 CIL;L-48/91-600;G-48-700;CL-48/91-615;
VOLKSWAGEN;SAVEIRO;2010 - 2014;4 CIL;L-47-550;G-47-600;;T-58R-420
VOLKSWAGEN;SEDAN 1.6 FI (1);1978 - 2004;4 CIL;L-42-500;G-42-400;CL-42-400;T-58R-420
VOLKSWAGEN;SHARAN;1995 - 2012;6 CIL;L-47-550;G-47-600;;
VOLKSWAGEN;SPORT VAN;2004 - 2011;4 CIL;L-47-550;G-47-600;;T-58R-420
VOLKSWAGEN;TIGUAN;2007 - 2014;4 CIL;L-47-550;G-47-600;;T-58R-420
VOLKSWAGEN;TOUAREG;2012 - 2014;6 CIL;L-48/91-600;G-48-700;CL-48/91-615;
VOLKSWAGEN;TRANSPORTER;2013 - 2014;6 CIL;L-48/91-600;G-48-700;CL-48/91-615;
VOLKSWAGEN;VENTO;2012 - 2014;4 CIL;L-47-550;G-47-600;;T-58R-420
VOLVO;C30;2009 - 2014;5 CIL;L-48/91-600;G-48-700;CL-48/91-615;
VOLVO;C70 COUPE, CONVERTIBLE;2001 - 2014;5 CIL;L-48/91-600;G-48-700;CL-48/91-615;
VOLVO;S40;2000-2014;4-5 CIL;L-48/91-600;G-48-700;CL-48/91-615;
VOLVO;S60;2000-2014;5 CIL;L-48/91-600;G-48-700;CL-48/91-615;
VOLVO;S70;2000;6 CIL;L-48/91-600;G-48-700;CL-48/91-615;
VOLVO;S80;2000-2014;6 CIL;L-48/91-600;G-48-700;CL-48/91-615;
VOLVO;V40;2000-2012;4-5 CIL;L-48/91-600;G-48-700;CL-48/91-615;
VOLVO;V50;2000-2012;4-5 CIL;L-48/91-600;G-48-700;CL-48/91-615;
VOLVO;V60;2013 - 2014;5 CIL;L-48/91-600;G-48-700;CL-48/91-615;
VOLVO;V70;2003 - 2012;6 CIL;L-48/91-600;G-48-700;CL-48/91-615;
VOLVO;V90;2000-2012;6 CIL;L-48/91-600;G-48-700;CL-48/91-615;
VOLVO;XC60;2009 - 2014;5 CIL;L-48/91-600;G-48-700;CL-48/91-615;
VOLVO;XC70;2000 - 2007;5 CIL;L-48/91-600;G-48-700;CL-48/91-615;
VOLVO;XC80;2000 - 2012;8 CIL;L-48/91-600;G-48-700;CL-48/91-615;
VOLVO;XC90;2003 - 2014;8 CIL;L-48/91-600;G-48-700;CL-48/91-615;