MARCA;MODELO;AÑO;MOTOR;LTH;GONHER;CALE;TITAN;id_years;id_motor;id_brand;id_model
ACURA;ILX 2.4L;2013 - 2016;4 CIL;L-51R-500;G-51R-500;CL-51R-500;;2013 - 2016;4 CIL;ACURA;ILX 2.4L
ACURA;MDX;2004 - 2014;6 CIL;L-24R-530;G-24R-710;;;2004 - 2014;6 CIL;ACURA;MDX
ACURA;MDX, TL;2004 - 2009;6 CIL;L-34/78-750;G-34/78-800;;;2004 - 2009;6 CIL;ACURA;MDX, TL
ACURA;RDX;2007 - 2014;6 CIL;L-35-575;G-35-575;CL-35-550;;2007 - 2014;6 CIL;ACURA;RDX
ACURA;RL;2004 - 2012;6 CIL;L-24-530;G-34-600;;;2004 - 2012;6 CIL;ACURA;RL
ACURA;RLX;2014;6 CIL;L-35-575;G-35-575;CL-35-550;;2014;6 CIL;ACURA;RLX
ACURA;TL;2004 - 2015;6 CIL;L-24R-530;G-24R-710;;;2004 - 2015;6 CIL;ACURA;TL
ACURA;TSX;2004 - 2014;6 CIL;L-51R-500;G-51R-500;CL-51R-500;;2004 - 2014;6 CIL;ACURA;TSX
ALFA ROMEO;147;2003 -2010;4 CIL;L-47-550;G-47-600;;T-58R-420;2003 -2010;4 CIL;ALFA ROMEO;147
ALFA ROMEO;156 (TM Y SELEPPED;1997 - 2006;4 CIL;L-47-550;G-47-600;;T-58R-420;1997 - 2006;4 CIL;ALFA ROMEO;156 (TM Y SELEPPED
AUDI;A1, A1 SPORTBACK;2013 - 2014;4 CIL;L-48/91-600;G-48-700;CL-48/91-615;;2013 - 2014;4 CIL;AUDI;A1, A1 SPORTBACK
AUDI;A3;1996 - 2014;4 CIL;L-47-550;G-47-600;;T-58R-420;1996 - 2014;4 CIL;AUDI;A3
AUDI;A3 SPORTBACK;2013 - 2014;4 CIL;L-48/91-600;G-48-700;CL-48/91-615;;2013 - 2014;4 CIL;AUDI;A3 SPORTBACK
AUDI;A3 3.2L;2005 - 2010;4 CIL;L-49- 900AGM;G-49-850;;;2005 - 2010;4 CIL;AUDI;A3 3.2L
AUDI;A3 CABRIO;2013 - 2014;4 CIL;L-41-650;G-41-660;CL-41-650;;2013 - 2014;4 CIL;AUDI;A3 CABRIO
AUDI;A4;2013 - 2014;4 CIL;L-49- 900AGM;G-49-850;;;2013 - 2014;4 CIL;AUDI;A4
AUDI;A4, 2.0L, CABRIO;1995- 2005;4 CIL;L-48/91-600;G-48-700;CL-48/91-615;;1995- 2005;4 CIL;AUDI;A4, 2.0L, CABRIO
AUDI;A5;2005 - 2010;6 CIL;L-49- 900AGM;G-49-850;;;2005 - 2010;6 CIL;AUDI;A5
AUDI;A5, A5 SPORTBACK;2013 - 2014;6 CIL;L-48/91-600;G-48-700;CL-48/91-615;;2013 - 2014;6 CIL;AUDI;A5, A5 SPORTBACK
AUDI;A6;1995- 2005;6 CIL;L-48/91-600;G-48-700;CL-48/91-615;;1995- 2005;6 CIL;AUDI;A6
AUDI;A7 SPORTBACK;2013 - 2014;6 CIL;L-49- 900AGM;G-49-850;;;2013 - 2014;6 CIL;AUDI;A7 SPORTBACK
AUDI;A8;1997 - 2014;6 CIL;L-49- 900AGM;G-49-850;;;1997 - 2014;6 CIL;AUDI;A8
AUDI;Q3;2013 - 2014;4 CIL;L-48/91-600;G-48-700;CL-48/91-615;;2013 - 2014;4 CIL;AUDI;Q3
AUDI;Q5;2009 - 2014;6 CIL;L-48/91-600;G-48-700;CL-48/91-615;;2009 - 2014;6 CIL;AUDI;Q5
AUDI;Q7;2009 - 2014;6 CIL;L-49- 900AGM;G-49-850;;;2009 - 2014;6 CIL;AUDI;Q7
AUDI;R5 4.2L;2007 - 2014;8 CIL;L-49- 900AGM;G-49-850;;;2007 - 2014;8 CIL;AUDI;R5 4.2L
AUDI;R8;2005 - 2014;10 CIL;L-49- 900AGM;G-49-850;;;2005 - 2014;10 CIL;AUDI;R8
AUDI;RS4;1997 - 2012;8 CIL;L-49- 900AGM;G-49-850;;;1997 - 2012;8 CIL;AUDI;RS4
AUDI;RS6;1997 - 2012;8 CIL;L-49- 900AGM;G-49-850;;;1997 - 2012;8 CIL;AUDI;RS6
AUDI;S3;1997 - 2014;6 CIL;L-47-550;G-47-600;;;1997 - 2014;6 CIL;AUDI;S3
AUDI;S4;1995- 2005;4 CIL;L-48/91-600;G-48-700;CL-48/91-615;;1995- 2005;4 CIL;AUDI;S4
AUDI;S5;1997 - 2014;8 CIL;L-49- 900AGM;G-49-850;;;1997 - 2014;8 CIL;AUDI;S5
AUDI;S6;1997 - 2012;8 CIL;L-49- 900AGM;G-49-850;;;1997 - 2012;8 CIL;AUDI;S6
AUDI;S7;2013 - 2014;8 CIL;L-49- 900AGM;G-49-850;;;2013 - 2014;8 CIL;AUDI;S7
AUDI;S8;1997 - 2014;8 CIL;L-49- 900AGM;G-49-850;;;1997 - 2014;8 CIL;AUDI;S8
AUDI;TT 2.0L;1997 - 2014;4 CIL;L-47-550;G-47-600;;T-58R-420;1997 - 2014;4 CIL;AUDI;TT 2.0L
AUDI;TT 3.20L;1997 - 2014;4-6 CIL;L-48/91-600;G-48-700;CL-48/91-615;;1997 - 2014;4-6 CIL;AUDI;TT 3.20L
AUDI;TTS 2.0L;1998 - 2014;4-6 CIL;L-47-550;G-47-600;;;1998 - 2014;4-6 CIL;AUDI;TTS 2.0L
BMW;LACROSSE;2013 - 2014;6 CIL;L-48/91-600;G-48-700;CL-48/91-615;;2013 - 2014;6 CIL;BMW;LACROSSE
BMW;REGAL;1996- 2004;6 CIL;L-34/78-750;G-34/78-800;;;1996- 2004;6 CIL;BMW;REGAL
BMW;REGAL;2011 - 2014;6 CIL;L-48/91-600;G-48-700;CL-48/91-615;;2011 - 2014;6 CIL;BMW;REGAL
BMW;SERIE 1 (120i,130i);2004 - 2014;4 CIL;L-47-550;G-47-600;;T-58R-420;2004 - 2014;4 CIL;BMW;SERIE 1 (120i,130i)
BMW;SERIE 1 COUPE;2013 - 2014;4 CIL;L-48/91-600;G-48-700;CL-48/91-615;;2013 - 2014;4 CIL;BMW;SERIE 1 COUPE
BMW;SERIE 1 M COUPE;2011 - 2012;6 CIL;L-47-550;G-47-600;;;2011 - 2012;6 CIL;BMW;SERIE 1 M COUPE
BMW;SERIE 3 (320i, 323i, 328i, 330i, 325i);1998 - 2014;6 CIL;L-48/91-600;G-48-700;CL-48/91-615;;1998 - 2014;6 CIL;BMW;SERIE 3 (320i, 323i, 328i, 330i, 325i)
BMW;SERIE 5 (535i GT);2011 - 2014;6 CIL;L-49- 900AGM;G-49-850;;;2011 - 2014;6 CIL;BMW;SERIE 5 (535i GT)
BMW;SERIE 5 (535i, 528i);1997 - 2014;6 CIL;L-49- 900AGM;G-49-850;;;1997 - 2014;6 CIL;BMW;SERIE 5 (535i, 528i)
BMW;SERIE 5 (535i, 528i);2003 - 2005;6 CIL;L-41-650;G-41-660;CL-41-650;;2003 - 2005;6 CIL;BMW;SERIE 5 (535i, 528i)
BMW;SERIE 5 (535i, 528i);2005 - 2014;6 CIL;L-49- 900AGM;G-49-850;;;2005 - 2014;6 CIL;BMW;SERIE 5 (535i, 528i)
BMW;SERIE 5 (535i);2001-2002;6 CIL;L-48/91-600;G-48-700;CL-48/91-615;;2001-2002;6 CIL;BMW;SERIE 5 (535i)
BMW;SERIE 5 (550i);2006 - 2014;6 CIL;L-49- 900AGM;G-49-850;;;2006 - 2014;6 CIL;BMW;SERIE 5 (550i)
BMW;SERIE 6 (650i);1997 - 2014;8 CIL;L-49- 900AGM;G-49-850;;;1997 - 2014;8 CIL;BMW;SERIE 6 (650i)
BMW;SERIE 7;1997 - 2014;8 CIL;L-49- 900AGM;G-49-850;;;1997 - 2014;8 CIL;BMW;SERIE 7
BMW;SERIE M1;2013 - 2014;6 CIL;L-48/91-600;G-48-700;CL-48/91-615;;2013 - 2014;6 CIL;BMW;SERIE M1
BMW;SERIE M3;1998 - 2014;6 CIL;L-48/91-600;G-48-700;CL-48/91-615;;1998 - 2014;6 CIL;BMW;SERIE M3
BMW;SERIE M5;2006 - 2014;8 CIL;L-49- 900AGM;G-49-850;;;2006 - 2014;8 CIL;BMW;SERIE M5
BMW;SERIE M6;2006 - 2014;8 CIL;L-49- 900AGM;G-49-850;;;2006 - 2014;8 CIL;BMW;SERIE M6
BMW;VERANO;2013 - 2014;4 CIL;L-48/91-600;G-48-700;CL-48/91-615;;2013 - 2014;4 CIL;BMW;VERANO
BMW;X1;2013 - 2014;6 CIL;L-48/91-600;G-48-700;CL-48/91-615;;2013 - 2014;6 CIL;BMW;X1
BMW;X3;1998 - 2014;6 CIL;L-48/91-600;G-48-700;CL-48/91-615;;1998 - 2014;6 CIL;BMW;X3
BMW;X5;2001 - 2014;6-8 CIL;L-49- 900AGM;G-49-850;;;2001 - 2014;6-8 CIL;BMW;X5
BMW;X6;2001 - 2014;8 CIL;L-49- 900AGM;G-49-850;;;2001 - 2014;8 CIL;BMW;X6
BMW;Z3 (COUPE, CONVERTIBLE);1998 - 2012;4 CIL;L-48/91-600;G-48-700;CL-48/91-615;;1998 - 2012;4 CIL;BMW;Z3 (COUPE, CONVERTIBLE)
BMW;Z4;1996 - 2010;6 CIL;L-48/91-600;G-48-700;CL-48/91-615;;1996 - 2010;6 CIL;BMW;Z4
BMW;Z4 M;2004 - 2012;6 CIL;L-47-550;G-47-600;;;2004 - 2012;6 CIL;BMW;Z4 M
BMW;Z4 ROADSTER;2012;6 CIL;L-48/91-600;G-48-700;CL-48/91-615;;2012;6 CIL;BMW;Z4 ROADSTER
BMW;Z4 ROADSTER;2001 - 2014;6 CIL;L-47-550;G-47-600;;;2001 - 2014;6 CIL;BMW;Z4 ROADSTER
BMW;Z8;2001 - 2012;6 CIL;L-49- 900AGM;G-49-850;;;2001 - 2012;6 CIL;BMW;Z8
BUICK;ENCLAVE;2013 - 2014;6 CIL;L-48/91-600;G-48-700;CL-48/91-615;;2013 - 2014;6 CIL;BUICK;ENCLAVE
BUICK;ENCORE;2014;4 CIL;L-48/91-600;G-48-700;CL-48/91-615;;2014;4 CIL;BUICK;ENCORE
CADILLAC;ATS;2013 - 2014;6 CIL;L-48/91-600;G-48-700;CL-48/91-615;;2013 - 2014;6 CIL;CADILLAC;ATS
CADILLAC;CATERA;1997- 2001;6 CIL;L-48/91-600;G-48-700;CL-48/91-615;;1997- 2001;6 CIL;CADILLAC;CATERA
CADILLAC;CTS;2007 - 2014;6 CIL;L-48/91-600;G-48-700;CL-48/91-615;;2007 - 2014;6 CIL;CADILLAC;CTS
CADILLAC;CTS V;2013 - 2014;6 CIL;L-48/91-600;G-48-700;CL-48/91-615;;2013 - 2014;6 CIL;CADILLAC;CTS V
CADILLAC;DEVILLE 4.6L, 4.9L;1990 - 2012;8 CIL;L-34/78-750;G-34/78-800;;;1990 - 2012;8 CIL;CADILLAC;DEVILLE 4.6L, 4.9L
CADILLAC;EL DORADO 4.6L;1986- 2002;8 CIL;L-34/78-750;G-34/78-800;;;1986- 2002;8 CIL;CADILLAC;EL DORADO 4.6L
CADILLAC;ESCALADE ESV;1999 - 2014;6-8 CIL;L-34/78-750;G-34/78-800;;;1999 - 2014;6-8 CIL;CADILLAC;ESCALADE ESV
CADILLAC;ESCALADE EXT;1999 - 2001;6-8 CIL;L-48/91-600;G-48-700;CL-48/91-615;;1999 - 2001;6-8 CIL;CADILLAC;ESCALADE EXT
CADILLAC;ESCALADE EXT;2002 - 2010;6-8 CIL;L-34/78-750;G-34/78-800;;;2002 - 2010;6-8 CIL;CADILLAC;ESCALADE EXT
CADILLAC;ESCALADE EXT;2011 - 2015;6-8 CIL;L-48/91-600;G-48-700;CL-48/91-615;;2011 - 2015;6-8 CIL;CADILLAC;ESCALADE EXT
CADILLAC;SEVILLE STS 4.6L;1990 - 2012;8 CIL;L-34/78-750;G-34/78-800;;;1990 - 2012;8 CIL;CADILLAC;SEVILLE STS 4.6L
CADILLAC;SRX;1999 - 2015;6 CIL;L-48/91-600;G-48-700;CL-48/91-615;;1999 - 2015;6 CIL;CADILLAC;SRX
CADILLAC;STS;2008 - 2012;6-8 CIL;L-48/91-600;G-48-700;CL-48/91-615;;2008 - 2012;6-8 CIL;CADILLAC;STS
CADILLAC;XLR;2007 - 2012;6 CIL;L-75/86-675;G-75/86-650;;;2007 - 2012;6 CIL;CADILLAC;XLR
CHEVROLET;ASTRA TODAS LAS VERSIONES;1990 - 2010;4 CIL;L-48/91-600;G-48-700;CL-48/91-615;T-58R-420;1990 - 2010;4 CIL;CHEVROLET;ASTRA TODAS LAS VERSIONES
CHEVROLET;AVALANCHE;1999 - 2001;6-8 CIL;L-34/78-750;G-34/78-800;;;1999 - 2001;6-8 CIL;CHEVROLET;AVALANCHE
CHEVROLET;AVALANCHE;2002 - 2007;6-8 CIL;L-48/91-600;G-48-700;CL-48/91-615;;2002 - 2007;6-8 CIL;CHEVROLET;AVALANCHE
CHEVROLET;AVALANCHE;2011 - 2014;6-8 CIL;L-34/78-750;G-34/78-800;;;2011 - 2014;6-8 CIL;CHEVROLET;AVALANCHE
CHEVROLET;AVEO;2008 - 2012;4 CIL;L-75/86-675;G-75/86-650;;T-34R-420;2008 - 2012;4 CIL;CHEVROLET;AVEO
CHEVROLET;AVEO;2013 - 2015;4 CIL;L-47-550;G-47-600;;T-58R-420;2013 - 2015;4 CIL;CHEVROLET;AVEO
CHEVROLET;BLAZER 3.0L, 4.3L;1982 - 2002;6 CIL;L-75-575;G-75-600;;;1982 - 2002;6 CIL;CHEVROLET;BLAZER 3.0L, 4.3L
CHEVROLET;CAMARO 5.7L;1992- 2002;8 CIL;L-75-575;G-75-600;;;1992- 2002;8 CIL;CHEVROLET;CAMARO 5.7L
CHEVROLET;CAMARO 5.7L;2010 - 2014;8 CIL;L-42-500;G-42-400;CL-42-400;;2010 - 2014;8 CIL;CHEVROLET;CAMARO 5.7L
CHEVROLET;CAPTIVA;2008 - 2014;4 CIL;L-48/91-600;G-48-700;CL-48/91-615;;2008 - 2014;4 CIL;CHEVROLET;CAPTIVA
CHEVROLET;CAVALIER TODAS LAS VERSIONES;1987 - 2006;4 CIL;L-75-575;G-75-600;;;1987 - 2006;4 CIL;CHEVROLET;CAVALIER TODAS LAS VERSIONES
CHEVROLET;CHEVY TODAS LAS VERISONES;1994 - 2012;4 CIL;L-99-390;"G-99-390
";;T-58R-420;1994 - 2012;4 CIL;CHEVROLET;CHEVY TODAS LAS VERISONES
CHEVROLET;CHEYENNE;1990 - 2007;6 CIL;L-34/78-750;G-34/78-800;;;1990 - 2007;6 CIL;CHEVROLET;CHEYENNE
CHEVROLET;CHEYENNE;2008 - 2014;6 CIL;L-48/91-600;G-48-700;CL-48/91-615;;2008 - 2014;6 CIL;CHEVROLET;CHEYENNE
CHEVROLET;COLORADO;2004 - 2014;6 CIL;L-75/86-675;G-75/86-650;;;2004 - 2014;6 CIL;CHEVROLET;COLORADO
CHEVROLET;CORSA (SEDAN, COUPE);1994 - 2012;4 CIL;L-42-500;G-42-400;CL-42-400;T-58R-420;1994 - 2012;4 CIL;CHEVROLET;CORSA (SEDAN, COUPE)
CHEVROLET;CORSA SEDÁN, COUPÉ;1994 - 2012;4 CIL;L-47-550;G-47-600;;T-58R-420;1994 - 2012;4 CIL;CHEVROLET;CORSA SEDÁN, COUPÉ
CHEVROLET;CORVETTE;1997-2000;8 CIL;L-34/78-750;G-34/78-800;;;1997-2000;8 CIL;CHEVROLET;CORVETTE
CHEVROLET;CORVETTE;2001-2003;8 CIL;L-75-575;G-75-600;;;2001-2003;8 CIL;CHEVROLET;CORVETTE
CHEVROLET;CORVETTE;2004 - 2005;8 CIL;L-75/86-675;G-75/86-650;;;2004 - 2005;8 CIL;CHEVROLET;CORVETTE
CHEVROLET;CORVETTE, STINGRAY 2014;2006 - 2014;8 CIL;L-47-550;G-47-600;;;2006 - 2014;8 CIL;CHEVROLET;CORVETTE, STINGRAY 2014
CHEVROLET;CRUZE;2011 - 2014;4 CIL;L-47-550;G-47-600;;T-58R-420;2011 - 2014;4 CIL;CHEVROLET;CRUZE
CHEVROLET;EPICA;2006 - 2011;6 CIL;L-34-600;G-34-600;CL-34-600;;2006 - 2011;6 CIL;CHEVROLET;EPICA
CHEVROLET;EQUINOX;2005 - 2006;6 CIL;L-75-575;G-75-600;;;2005 - 2006;6 CIL;CHEVROLET;EQUINOX
CHEVROLET;EQUINOX;2007 - 2011;4-6 CIL;L-47-550;G-47-600;;;2007 - 2011;4-6 CIL;CHEVROLET;EQUINOX
CHEVROLET;EQUINOX;2010 - 2011;6 CIL;L-48/91-600;G-48-700;CL-48/91-615;;2010 - 2011;6 CIL;CHEVROLET;EQUINOX
CHEVROLET;EXPRESS CARGO VAN 5.7L;1992 - 2014;6 CIL;L-34/78-750;G-34/78-800;;;1992 - 2014;6 CIL;CHEVROLET;EXPRESS CARGO VAN 5.7L
CHEVROLET;HHR;2007 - 2012;4 CIL;L-47-550;G-47-600;;T-58R-420;2007 - 2012;4 CIL;CHEVROLET;HHR
CHEVROLET;IMPALA LS;1992- 2005;6 CIL;L-34/78-750;G-34/78-800;;;1992- 2005;6 CIL;CHEVROLET;IMPALA LS
CHEVROLET;IMPALA LS;2006 - 2012;6 CIL;L-34-600;G-34-600;CL-34-600;;2006 - 2012;6 CIL;CHEVROLET;IMPALA LS
CHEVROLET;LUMINA;1996 - 2001;6 CIL;L-34/78-750;G-34/78-800;;;1996 - 2001;6 CIL;CHEVROLET;LUMINA
CHEVROLET;LUV PICK UP 2.3L;1998 - 2005;4 CIL;L-51R-500;G-51R-500;CL-51R-500;T-34R-420;1998 - 2005;4 CIL;CHEVROLET;LUV PICK UP 2.3L
CHEVROLET;MALIBÚ;2008 - 2014;4 CIL;L-48/91-600;G-48-700;CL-48/91-615;;2008 - 2014;4 CIL;CHEVROLET;MALIBÚ
CHEVROLET;MALIBU TIPICO, LUJO, 3.1L, 2.0L;1997 - 2007;4-6 CIL;L-75-575;G-75-600;;;1997 - 2007;4-6 CIL;CHEVROLET;MALIBU TIPICO, LUJO, 3.1L, 2.0L
CHEVROLET;MERIVA;2002 - 2012;4 CIL;L-47-550;G-47-600;;T-58R-420;2002 - 2012;4 CIL;CHEVROLET;MERIVA
CHEVROLET;OPTRA;2006 - 2010;4 CIL;L-75/86-675;G-75/86-650;;T-34R-420;2006 - 2010;4 CIL;CHEVROLET;OPTRA
CHEVROLET;PICK UP 1500, 2500, 3500;1998 - 2007;4 CIL;L-34/78-750;G-34/78-800;;;1998 - 2007;4 CIL;CHEVROLET;PICK UP 1500, 2500, 3500
CHEVROLET;PICK UP 1500, 2500, 3500;2008 - 2012;4 CIL;L-48/91-600;G-48-700;CL-48/91-615;;2008 - 2012;4 CIL;CHEVROLET;PICK UP 1500, 2500, 3500
CHEVROLET;S-10 2.2L;1982 - 2004;6 CIL;L-75-575;G-75-600;;;1982 - 2004;6 CIL;CHEVROLET;S-10 2.2L
CHEVROLET;S-10 MAXICAB 3.1L, 4.3L;1982 - 2004;6 CIL;L-75-575;G-75-600;;;1982 - 2004;6 CIL;CHEVROLET;S-10 MAXICAB 3.1L, 4.3L
CHEVROLET;SILHOUETTE;1997 - 2004;6 CIL;L-34/78-750;G-34/78-800;;;1997 - 2004;6 CIL;CHEVROLET;SILHOUETTE
CHEVROLET;SILVERADO 1500, 2500, 3500, HEAVY DUTY;2000 - 2007;6 CIL;L-34/78-750;G-34/78-800;;;2000 - 2007;6 CIL;CHEVROLET;SILVERADO 1500, 2500, 3500, HEAVY DUTY
CHEVROLET;SILVERADO 1500, 2500, 3500, HEAVY DUTY;2008 - 2014;6 CIL;L-48/91-600;G-48-700;CL-48/91-615;;2008 - 2014;6 CIL;CHEVROLET;SILVERADO 1500, 2500, 3500, HEAVY DUTY
CHEVROLET;SONIC;2013 - 2014;4 CIL;L-47-550;G-47-600;;T-58R-420;2013 - 2014;4 CIL;CHEVROLET;SONIC
CHEVROLET;SONORA;2000 - 2006;8 CIL;L-75-575;G-75-600;;;2000 - 2006;8 CIL;CHEVROLET;SONORA
CHEVROLET;SPARK;2010 - 2014;4 CIL;L-99-390;"G-99-390
";;T-58R-420;2010 - 2014;4 CIL;CHEVROLET;SPARK
CHEVROLET;SUBURBAN;1987 - 2007;8 CIL;L-34/78-750;G-34/78-800;;;1987 - 2007;8 CIL;CHEVROLET;SUBURBAN
CHEVROLET;SUBURBAN;2008 - 2014;8 CIL;L-48/91-600;G-48-700;CL-48/91-615;;2008 - 2014;8 CIL;CHEVROLET;SUBURBAN
CHEVROLET;TAHOE;2007 - 2014;8 CIL;L-48/91-600;G-48-700;CL-48/91-615;;2007 - 2014;8 CIL;CHEVROLET;TAHOE
CHEVROLET;TIGRA;1994- 2004;4 CIL;L-99-390;"G-99-390
";;T-58R-420;1994- 2004;4 CIL;CHEVROLET;TIGRA
CHEVROLET;TORNADO;2003 - 2014;4 CIL;L-47-550;G-47-600;;T-58R-420;2003 - 2014;4 CIL;CHEVROLET;TORNADO
CHEVROLET;TRACKER 1.6L;1989 - 2004;6 CIL;L-22F-450;G-22F-450;;;1989 - 2004;6 CIL;CHEVROLET;TRACKER 1.6L
CHEVROLET;TRAVERSE;2009 - 2014;6 CIL;L-48/91-600;G-48-700;CL-48/91-615;;2009 - 2014;6 CIL;CHEVROLET;TRAVERSE
CHEVROLET;TRAX;2005 - 2009;4 CIL;L-47-550;G-47-600;;T-58R-420;2005 - 2009;4 CIL;CHEVROLET;TRAX
CHEVROLET;TRIALBLAZER;2002 - 2008;6-8 CIL;L-34/78-750;G-34/78-800;;;2002 - 2008;6-8 CIL;CHEVROLET;TRIALBLAZER
CHEVROLET;UPLANDER;2005 - 2009;6 CIL;L-34-600;G-34-600;CL-34-600;;2005 - 2009;6 CIL;CHEVROLET;UPLANDER
CHEVROLET;VECTRA COMFORT, ELEGANCE;2003 - 2011;6 CIL;L-48/91-600;G-48-700;CL-48/91-615;;2003 - 2011;6 CIL;CHEVROLET;VECTRA COMFORT, ELEGANCE
CHEVROLET;VENTURE (LS, LT);1997 - 2004;6 CIL;L-34/78-750;G-34/78-800;;;1997 - 2004;6 CIL;CHEVROLET;VENTURE (LS, LT)
CHEVROLET;ZAFIRA (BASE, COMFORT);2002 - 2008;4 CIL;L-48/91-600;G-48-700;CL-48/91-615;T-58R-420;2002 - 2008;4 CIL;CHEVROLET;ZAFIRA (BASE, COMFORT)
CHRYSLER;200;2011 - 2014;4CIL;L-75/86-675;G-75/86-650;;;2011 - 2014;4CIL;CHRYSLER;200
CHRYSLER;300;2006 - 2014;6 CIL;L-48/91-600;G-48-700;CL-48/91-615;;2006 - 2014;6 CIL;CHRYSLER;300
CHRYSLER;300C;2006 - 2012;6 CIL;L-48/91-600;G-48-700;CL-48/91-615;;2006 - 2012;6 CIL;CHRYSLER;300C
CHRYSLER;300M;2007 - 2012;6 CIL;L-34-600;G-34-600;CL-34-600;;2007 - 2012;6 CIL;CHRYSLER;300M
CHRYSLER;ASPEN;2007 - 2012;8 CIL;L-65-800;G-65-820;;;2007 - 2012;8 CIL;CHRYSLER;ASPEN
CHRYSLER;CARGO VAN Y CONVERSION VAN;1994 - 2012;6 CIL;L-27-700;G-27-700;CL-27-700;;1994 - 2012;6 CIL;CHRYSLER;CARGO VAN Y CONVERSION VAN
CHRYSLER;CIRRUS 2.4L, 2.5L FI;1995 - 2007;4-6 CIL;L-75-575;G-75-600;;;1995 - 2007;4-6 CIL;CHRYSLER;CIRRUS 2.4L, 2.5L FI
CHRYSLER;CIRRUS SEDAN, CONVERTIBLE;2008 - 2012;4-6 CIL;L-75/86-675;G-75/86-650;;;2008 - 2012;4-6 CIL;CHRYSLER;CIRRUS SEDAN, CONVERTIBLE
CHRYSLER;CONCORDE 3.5L FI;1993- 2004;6 CIL;L-34-600;G-34-600;CL-34-600;;1993- 2004;6 CIL;CHRYSLER;CONCORDE 3.5L FI
CHRYSLER;CROSSFIRE;2004 - 2005;4 CIL;L-48/91-600;G-48-700;CL-48/91-615;;2004 - 2005;4 CIL;CHRYSLER;CROSSFIRE
CHRYSLER;GRAND CARAVAN;2011;6 CIL;L-48/91-600;G-48-700;CL-48/91-615;;2011;6 CIL;CHRYSLER;GRAND CARAVAN
CHRYSLER;GRAND CARAVAN;1993 - 2010;6 CIL;L-34-600;G-34-600;CL-34-600;;1993 - 2010;6 CIL;CHRYSLER;GRAND CARAVAN
CHRYSLER;GRAND VOYAGER 3.8L;1983 - 2011;6 CIL;L-34-600;G-34-600;CL-34-600;;1983 - 2011;6 CIL;CHRYSLER;GRAND VOYAGER 3.8L
CHRYSLER;H100;2004 - 2014;6 CIL;L-34-600;G-34-600;CL-34-600;;2004 - 2014;6 CIL;CHRYSLER;H100
CHRYSLER;LHS;1994- 2001;6 CIL;L-34-600;G-34-600;CL-34-600;;1994- 2001;6 CIL;CHRYSLER;LHS
CHRYSLER;NEON (SE, SXT, R/T, SRT-4);1999;4 CIL;L-58-575;G-58-575;CL-58-575;;1999;4 CIL;CHRYSLER;NEON (SE, SXT, R/T, SRT-4)
CHRYSLER;NEON (SE, SXT, R/T, SRT-4);2000-2006;4 CIL;L-26R-500;G-26R-500;CL-26R-500;T-34R-420;2000-2006;4 CIL;CHRYSLER;NEON (SE, SXT, R/T, SRT-4)
CHRYSLER;NEW YORKER;1979 - 2015;6 CIL;L-34-600;G-34-600;CL-34-600;;1979 - 2015;6 CIL;CHRYSLER;NEW YORKER
CHRYSLER;PACIFICA (FWD, AWD);2004 - 2008;6 CIL;L-34-600;G-34-600;CL-34-600;;2004 - 2008;6 CIL;CHRYSLER;PACIFICA (FWD, AWD)
CHRYSLER;PT CRUSIER;2000-2007;4 CIL;L-26R-500;G-26R-500;CL-26R-500;T-34R-420;2000-2007;4 CIL;CHRYSLER;PT CRUSIER
CHRYSLER;STRATUS 2.0L, 2.4L;1995- 2005;4 CIL;L-75-575;G-75-600;CL-75-550;;1995- 2005;4 CIL;CHRYSLER;STRATUS 2.0L, 2.4L
CHRYSLER;TOWN & COUNTRY (EL,LX,LXI LIMITED);1991 - 2010;6 CIL;L-34-600;G-34-600;CL-34-600;;1991 - 2010;6 CIL;CHRYSLER;TOWN & COUNTRY (EL,LX,LXI LIMITED)
CHRYSLER;TOWN & COUNTRY (EL,LX,LXI LIMITED);2011 - 2014;6 CIL;L-48/91-600;G-48-700;CL-48/91-615;;2011 - 2014;6 CIL;CHRYSLER;TOWN & COUNTRY (EL,LX,LXI LIMITED)
CHRYSLER;VOYAGER 3.3L;1988 - 2011;6 CIL;L-34-600;G-34-600;CL-34-600;;1988 - 2011;6 CIL;CHRYSLER;VOYAGER 3.3L
DODGE;ATOS (BASICO, LUJO);2001 - 2012;4 CIL;L-NS40-320;N/D;CL-NS40-320;;2001 - 2012;4 CIL;DODGE;ATOS (BASICO, LUJO)
DODGE;ATTITUDE;2006 - 2014;4 CIL;L-35-575;G-35-575;CL-35-550;T-34R-420;2006 - 2014;4 CIL;DODGE;ATTITUDE
DODGE;AVENGER;2006 - 2014;4-6CIL;L-75/86-675;G-75/86-650;;;2006 - 2014;4-6CIL;DODGE;AVENGER
DODGE;CALIBER;2006 - 2012;4 CIL;L-75/86-675;G-75/86-650;;;2006 - 2012;4 CIL;DODGE;CALIBER
DODGE;CARAVAN;2011;6 CIL;L-41-650;G-41-660;CL-41-650;;2011;6 CIL;DODGE;CARAVAN
DODGE;CARAVAN;2003 - 2010;6 CIL;L-34-600;G-34-600;CL-34-600;;2003 - 2010;6 CIL;DODGE;CARAVAN
DODGE;CHALLENGER;2006 - 2014;6 CIL;L-48/91-600;G-48-700;CL-48/91-615;;2006 - 2014;6 CIL;DODGE;CHALLENGER
DODGE;CHARGER, SUPER BEE;2006 - 2014;6 CIL;L-48/91-600;G-48-700;CL-48/91-615;;2006 - 2014;6 CIL;DODGE;CHARGER, SUPER BEE
DODGE;DAKOTA SXT,SLT,SPORT,R/T;1993 - 2005;6 CIL;L-27-700;G-27-700;CL-27-700;;1993 - 2005;6 CIL;DODGE;DAKOTA SXT,SLT,SPORT,R/T
DODGE;DAKOTA SXT,SLT,SPORT,R/T;2006 - 2012;6 CIL;L-65-800;G-65-820;;;2006 - 2012;6 CIL;DODGE;DAKOTA SXT,SLT,SPORT,R/T
DODGE;DART;2013 - 2014;4 CIL;L-48/91-600;G-48-700;CL-48/91-615;;2013 - 2014;4 CIL;DODGE;DART
DODGE;DURANGO;1998 - 2003;8 CIL;L-27-700;G-27-700;CL-27-700;;1998 - 2003;8 CIL;DODGE;DURANGO
DODGE;DURANGO;2004 - 2010;8 CIL;L-65-800;G-65-820;;;2004 - 2010;8 CIL;DODGE;DURANGO
DODGE;DURANGO (SPORT, SXT, SLT,R/T);2011 - 2014;8 CIL;L-48/91-600;G-48-700;CL-48/91-615;;2011 - 2014;8 CIL;DODGE;DURANGO (SPORT, SXT, SLT,R/T)
DODGE;I10;2013 - 2014;3-4 CIL;L-NS40Z-320;N/D;CL-NS40Z-320;;2013 - 2014;3-4 CIL;DODGE;I10
DODGE;JOURNEY;2006 - 2014;4-6 CIL;L-75/86-675;G-75/86-650;;;2006 - 2014;4-6 CIL;DODGE;JOURNEY
DODGE;RAM 1500;1994 - 2001;6 CIL;L-48/91-600;G-48-700;CL-48/91-615;;1994 - 2001;6 CIL;DODGE;RAM 1500
DODGE;RAM 1500;2002 - 2005;6 CIL;L-27-700;G-27-700;CL-27-700;;2002 - 2005;6 CIL;DODGE;RAM 1500
DODGE;RAM 1500;2006 - 2014;6 CIL;L-65-800;G-65-820;;;2006 - 2014;6 CIL;DODGE;RAM 1500
DODGE;RAM 2500;1994 - 2001;6 CIL;L-48/91-600;G-48-700;CL-48/91-615;;1994 - 2001;6 CIL;DODGE;RAM 2500
DODGE;RAM 2500;2002 - 2005;6 CIL;L-27-700;G-27-700;CL-27-700;;2002 - 2005;6 CIL;DODGE;RAM 2500
DODGE;RAM 2500;2006 - 2014;6 CIL;L-65-800;G-65-820;;;2006 - 2014;6 CIL;DODGE;RAM 2500
DODGE;RAM 3500;1994 - 2001;6 CIL;L-48/91-600;G-48-700;CL-48/91-615;;1994 - 2001;6 CIL;DODGE;RAM 3500
DODGE;RAM 3500;2002 - 2005;6 CIL;L-27-700;G-27-700;CL-27-700;;2002 - 2005;6 CIL;DODGE;RAM 3500
DODGE;RAM 3500;2006 - 2014;6 CIL;L-65-800;G-65-820;;;2006 - 2014;6 CIL;DODGE;RAM 3500
DODGE;RAM 4000;2002 - 2005;8 CIL;L-48/91-600;G-48-700;CL-48/91-615;;2002 - 2005;8 CIL;DODGE;RAM 4000
DODGE;RAM 4000;2006 - 2014;8 CIL;L-65-800;G-65-820;;;2006 - 2014;8 CIL;DODGE;RAM 4000
DODGE;RAM CHARGER;2007 - 2001;8 CIL;L-48/91-600;G-48-700;CL-48/91-615;;2007 - 2001;8 CIL;DODGE;RAM CHARGER
DODGE;RAM NIGHT RUNNER;2004 - 2006;6 CIL;L-65-800;G-65-820;;;2004 - 2006;6 CIL;DODGE;RAM NIGHT RUNNER
DODGE;RAM WAGON;1989 - 2012;6 CIL;L-27-700;G-27-700;CL-27-700;;1989 - 2012;6 CIL;DODGE;RAM WAGON
DODGE;RAM WAGON 1500 3.9L, 5.2L;2013 - 2014;6 CIL;L-48/91-600;G-48-700;CL-48/91-615;;2013 - 2014;6 CIL;DODGE;RAM WAGON 1500 3.9L, 5.2L
DODGE;RAM WAGON 2500 5.2L, 5.9L;2013 - 2014;8 CIL;L-48/91-600;G-48-700;CL-48/91-615;;2013 - 2014;8 CIL;DODGE;RAM WAGON 2500 5.2L, 5.9L
DODGE;VERNA;2004 - 2010;4 CIL;L-35-575;G-35-575;CL-35-550;T-34R-420;2004 - 2010;4 CIL;DODGE;VERNA
DODGE;VIPER;1992- 2002;8 CIL;L-34/78-750;G-34/78-800;;;1992- 2002;8 CIL;DODGE;VIPER
DODGE;VIPER;2003 - 2012;8 CIL;L-34-600;G-34-600;CL-34-600;;2003 - 2012;8 CIL;DODGE;VIPER
FIAT;ALBEA;2004 - 2012;4 CIL;L-47-550;G-47-600;;T-58R-420;2004 - 2012;4 CIL;FIAT;ALBEA
FIAT;BRAVO;2004 - 2012;4 CIL;L-47-550;G-47-600;;T-58R-420;2004 - 2012;4 CIL;FIAT;BRAVO
FIAT;DUCATO;2009 - 2014;6 CIL;L-49- 900AGM;G-49-850;;;2009 - 2014;6 CIL;FIAT;DUCATO
FIAT;F500 TODAS LAS VERSIONES;2007 - 2014;8 CIL;L-47-550;G-47-600;;;2007 - 2014;8 CIL;FIAT;F500 TODAS LAS VERSIONES
FIAT;GRANDE TODAS LAS VERSIONES;2004 - 2009;4 CIL;L-26R-500;G-26R-500;CL-26R-500;T-34R-420;2004 - 2009;4 CIL;FIAT;GRANDE TODAS LAS VERSIONES
FIAT;IDEA;2007 - 2012;4 CIL;L-26R-500;G-26R-500;CL-26R-500;T-34R-420;2007 - 2012;4 CIL;FIAT;IDEA
FIAT;IDEA ADVENTURE;2009 - 2012;4 CIL;L-47-550;G-47-600;;T-58R-420;2009 - 2012;4 CIL;FIAT;IDEA ADVENTURE
FIAT;PALIO, PALIO ADVENTURER;2004 - 2014;4 CIL;L-47-550;G-47-600;;T-58R-420;2004 - 2014;4 CIL;FIAT;PALIO, PALIO ADVENTURER
FIAT;PANDA;2004 - 2009;4 CIL;L-99-390;"G-99-390
";;T-58R-420;2004 - 2009;4 CIL;FIAT;PANDA
FIAT;PUNTO;2013 - 2014;4 CIL;L-47-550;G-47-600;;T-58R-420;2013 - 2014;4 CIL;FIAT;PUNTO
FIAT;STRADA;2007 - 2014;4 CIL;L-26R-500;G-26R-500;CL-26R-500;T-34R-420;2007 - 2014;4 CIL;FIAT;STRADA
FIAT;STYLO;2004 - 2012;4 CIL;L-47-550;G-47-600;;T-58R-420;2004 - 2012;4 CIL;FIAT;STYLO
FIAT;UNO;2013 - 2014;4 CIL;L-47-550;G-47-600;;T-58R-420;2013 - 2014;4 CIL;FIAT;UNO
FORD;CLUB WAGON/ECONO- LINE-150/250 4.2L.;1991 - 2012;6-8 CIL;L-65-800;G-65-820;;;1991 - 2012;6-8 CIL;FORD;CLUB WAGON/ECONO- LINE-150/250 4.2L.
FORD;CLUB WAGON/ECONOLINE-350 7.3L;1991 - 2012;6-8 CIL;L-65-800;G-65-820;;;1991 - 2012;6-8 CIL;FORD;CLUB WAGON/ECONOLINE-350 7.3L
FORD;CONTOUR 2.0L, 2.5L Y SVT;1996-2000;4-6 CIL;L-41-650;G-41-660;CL-41-650;;1996-2000;4-6 CIL;FORD;CONTOUR 2.0L, 2.5L Y SVT
FORD;COURIER 1.6L;1997 - 2012;4 CIL;L-99-390;"G-99-390
";;T-58R-420;1997 - 2012;4 CIL;FORD;COURIER 1.6L
FORD;CROWN VICTORIA;1983 - 2008;6 CIL;L-41-650;G-41-660;CL-41-650;;1983 - 2008;6 CIL;FORD;CROWN VICTORIA
FORD;CROWN VICTORIA;2009 - 2012;6 CIL;L-24R-530;G-24R-710;;;2009 - 2012;6 CIL;FORD;CROWN VICTORIA
FORD;E-150, E-350;2013 - 2014;6-8 CIL;L-65-800;G-65-820;;;2013 - 2014;6-8 CIL;FORD;E-150, E-350
FORD;ECONOLINE 150;1997 - 2000;6-8 CIL;L-65-800;G-65-820;;;1997 - 2000;6-8 CIL;FORD;ECONOLINE 150
FORD;ECONOLINE 350;1997 - 2000;6-8 CIL;L-65-800;G-65-820;;;1997 - 2000;6-8 CIL;FORD;ECONOLINE 350
FORD;ECOSPORT 2.0L;2003 - 2014;4 CIL;L-47-550;G-47-600;;T-58R-420;2003 - 2014;4 CIL;FORD;ECOSPORT 2.0L
FORD;ECOSPORT 2.0L, INDIA, BRASIL;2013 - 2014;4 CIL;N/D;N/D;;;2013 - 2014;4 CIL;FORD;ECOSPORT 2.0L, INDIA, BRASIL
FORD;EDGE;2015 - 2016;6 CIL;L-34/78-750;G-34/78-800;N/D;;2015 - 2016;6 CIL;FORD;EDGE
FORD;EDGE 3.5L;2007 - 2010;6 CIL;L-58-575;G-58-575;;;2007 - 2010;6 CIL;FORD;EDGE 3.5L
FORD;EDGE 3.5L, 2.0 ECOBOOST;2011 - 2014;6 CIL;L-65-800;G-65-820;;;2011 - 2014;6 CIL;FORD;EDGE 3.5L, 2.0 ECOBOOST
FORD;ESCAPE;2001 - 2003;4 CIL;L-47-550;G-47-600;;T-58R-420;2001 - 2003;4 CIL;FORD;ESCAPE
FORD;ESCAPE;2001 - 2010;6 CIL;L-41-650;G-41-660;CL-41-650;;2001 - 2010;6 CIL;FORD;ESCAPE
FORD;ESCAPE;2004 - 2010;4 CIL;L-41-650;G-41-660;CL-41-650;;2004 - 2010;4 CIL;FORD;ESCAPE
FORD;ESCAPE;2011 - 2014;4 CIL;L-47-550;G-47-600;;T-58R-420;2011 - 2014;4 CIL;FORD;ESCAPE
FORD;ESCAPE;2011 - 2014;6 CIL;L-47-550;G-47-600;;;2011 - 2014;6 CIL;FORD;ESCAPE
FORD;ESCAPE EUROPA 2.0L, 2.5L;2015;6 CIL;L-47-550;G-47-600;;;2015;6 CIL;FORD;ESCAPE EUROPA 2.0L, 2.5L
FORD;ESCORT Y ZX2 2.0L;1997- 2003;4-6 CIL;L-58-575;G-58-575;;;1997- 2003;4-6 CIL;FORD;ESCORT Y ZX2 2.0L
FORD;EXCURSION 6.8L;2000 - 2006;10 CIL;L-65-800;G-65-820;;;2000 - 2006;10 CIL;FORD;EXCURSION 6.8L
FORD;EXPEDITION;2013 - 2014;8 CIL;L-65-800;G-65-820;;;2013 - 2014;8 CIL;FORD;EXPEDITION
FORD;EXPEDITION 3.5L ECOBOOST V6;2015;6 CIL;L-65-800;G-65-820;;;2015;6 CIL;FORD;EXPEDITION 3.5L ECOBOOST V6
FORD;EXPEDITION KING RANCH;2005 - 2012;8 CIL;L-65-800;G-65-820;;;2005 - 2012;8 CIL;FORD;EXPEDITION KING RANCH
FORD;EXPEDITION MAX 3.5L CY- CLONE TiVCT;2015;6 CIL;L-65-800;G-65-820;;;2015;6 CIL;FORD;EXPEDITION MAX 3.5L CY- CLONE TiVCT
FORD;EXPEDITION MAX 3.5L CY- CLONE TiVCT;1997 - 2012;8 CIL;L-65-800;G-65-820;;;1997 - 2012;8 CIL;FORD;EXPEDITION MAX 3.5L CY- CLONE TiVCT
FORD;EXPLORER 5.0L;2000 - 2010;6-8 CIL;L-65-800;G-65-820;;;2000 - 2010;6-8 CIL;FORD;EXPLORER 5.0L
FORD;EXPLORER SPORT 4.0L;2013 - 2014;6 CIL;L-65-800;G-65-820;;;2013 - 2014;6 CIL;FORD;EXPLORER SPORT 4.0L
FORD;EXPLORER SPORT TRAC 4.6L;2000 - 2010;8 CIL;L-65-800;G-65-820;;;2000 - 2010;8 CIL;FORD;EXPLORER SPORT TRAC 4.6L
FORD;F-150;2015 - 2016;6 CIL;L-48/91-600;G-48-700;CL-48/91-615;;2015 - 2016;6 CIL;FORD;F-150
FORD;F-150;2015 - 2016;6 CIL;L-49- 900AGM;G-49-850;;;2015 - 2016;6 CIL;FORD;F-150
FORD;FIESTA 1.6L NA, HATCH, TITANIUM;2011 - 2014;4 CIL;L-47-550;G-47-600;;T-58R-420;2011 - 2014;4 CIL;FORD;FIESTA 1.6L NA, HATCH, TITANIUM
FORD;FIESTA 1.6L NOTCH BRASIL;2005 - 2012;4 CIL;N/D;N/D;;;2005 - 2012;4 CIL;FORD;FIESTA 1.6L NOTCH BRASIL
FORD;FIESTA 1.6L NOTCH BRASIL;2005 - 2012;4 CIL;L-99-390;"G-99-390
";;T-58R-420;2005 - 2012;4 CIL;FORD;FIESTA 1.6L NOTCH BRASIL
FORD;FIESTA CCT 1.6L ECOBOOST;2014 - 2016;4 CIL;L-47-550;G-47-600;;T-58R-420;2014 - 2016;4 CIL;FORD;FIESTA CCT 1.6L ECOBOOST
FORD;FIESTA EUROPA DX 1.3L, 1.4L;1995 - 2010;4 CIL;L-99-390;"G-99-390
";;T-58R-420;1995 - 2010;4 CIL;FORD;FIESTA EUROPA DX 1.3L, 1.4L
FORD;FIESTA IKON 1.6L BRASIL;2011 - 2012;4 CIL;L-99-390;G-99-390;;T-58R-420;2011 - 2012;4 CIL;FORD;FIESTA IKON 1.6L BRASIL
FORD;FIGO;2016;4 CIL;L-99-390;G-99-390;;T-58R-420;2016;4 CIL;FORD;FIGO
FORD;FIVE HUNDRED 3.0L;2004 - 2007;6 CIL;L-35-575;G-35-575;CL-35-550;;2004 - 2007;6 CIL;FORD;FIVE HUNDRED 3.0L
FORD;FOCUS 2.0L , ZX3;2005 - 2007;4 CIL;L-41-650;G-41-660;CL-41-650;;2005 - 2007;4 CIL;FORD;FOCUS 2.0L , ZX3
FORD;FOCUS 2.0L ARGENTINA;2005 - 2007;4 CIL;L-41-650;G-41-660;CL-41-650;;2005 - 2007;4 CIL;FORD;FOCUS 2.0L ARGENTINA
FORD;FOCUS ELECTRIC POWER;2012;4 CIL;N/D;N/D;;;2012;4 CIL;FORD;FOCUS ELECTRIC POWER
FORD;FOCUS EUROPEO 2.0L;2011 - 2014;4 CIL;L-47-550;G-47-600;;T-58R-420;2011 - 2014;4 CIL;FORD;FOCUS EUROPEO 2.0L
FORD;FOCUS EUROPEO ST;2014;4 CIL;L-48/91-600;G-48-700;CL-48/91-615;;2014;4 CIL;FORD;FOCUS EUROPEO ST
FORD;FOCUS SEDÁN-SX3-SVT, SE, LX;1998- 2002;4 CIL;L-42-500;G-42-400;CL-42-400;T-58R-420;1998- 2002;4 CIL;FORD;FOCUS SEDÁN-SX3-SVT, SE, LX
FORD;FREESTAR;2005 - 2012;6 CIL;L-65-800;G-65-820;;;2005 - 2012;6 CIL;FORD;FREESTAR
FORD;FUSION;2006;6 CIL;L-42-500;G-42-400;CL-42-400;;2006;6 CIL;FORD;FUSION
FORD;FUSION 2.0L ECOBOOST 2.5 L;2013;4 CIL;N/D;N/D;;;2013;4 CIL;FORD;FUSION 2.0L ECOBOOST 2.5 L
FORD;FUSION 2.3L, 2.5L, 3.0L;2006 - 2012;4-6 CIL;L-47-550;G-47-600;;;2006 - 2012;4-6 CIL;FORD;FUSION 2.3L, 2.5L, 3.0L
FORD;FUSION 2.5L GAS/ELECT;2009 - 2012;4 CIL;N/D;N/D;;;2009 - 2012;4 CIL;FORD;FUSION 2.5L GAS/ELECT
FORD;FUSION 2.5L I4 IVCT, 2.0L;2015 - 2016;4 CIL;N/D;N/D;;;2015 - 2016;4 CIL;FORD;FUSION 2.5L I4 IVCT, 2.0L
FORD;GRAND MARQUIS 4.6L;1998- 2004;8 CIL;L-65-800;G-65-820;;;1998- 2004;8 CIL;FORD;GRAND MARQUIS 4.6L
FORD;KA 1.6L;1997 - 2012;4 CIL;L-99-390;G-99-390;;T-58R-420;1997 - 2012;4 CIL;FORD;KA 1.6L
FORD;LOBO TODAS LAS VERSIONES;1991 - 2014;6 CIL;L-65-800;G-65-820;;;1991 - 2014;6 CIL;FORD;LOBO TODAS LAS VERSIONES
FORD;MONDEO 2.0L, 2.5L;2000-2007;4-6 CIL;L-48/91-600;G-48-700;CL-48/91-615;;2000-2007;4-6 CIL;FORD;MONDEO 2.0L, 2.5L
FORD;MUSTANG;2015;8 CIL;L-47-550;G-47-600;;;2015;8 CIL;FORD;MUSTANG
FORD;MUSTANG;2016;8 CIL;N/D;N/D;;;2016;8 CIL;FORD;MUSTANG
FORD;MUSTANG 4.6L;2005 - 2014;8 CIL;L-48/91-600;G-48-700;CL-48/91-615;;2005 - 2014;8 CIL;FORD;MUSTANG 4.6L
FORD;MUSTANG 4.6L GT Y COBRA;1987 - 2004;8 CIL;L-58-575;G-58-575;;;1987 - 2004;8 CIL;FORD;MUSTANG 4.6L GT Y COBRA
FORD;MUSTANG 4.6L GT Y COBRA;1996 - 2014;8 CIL;L-48/91-600;G-48-700;CL-48/91-615;;1996 - 2014;8 CIL;FORD;MUSTANG 4.6L GT Y COBRA
FORD;MUSTANG 4.6L GT Y COBRA (1);1996 - 2014;8 CIL;L-48/91-600;G-48-700;CL-48/91-615;;1996 - 2014;8 CIL;FORD;MUSTANG 4.6L GT Y COBRA (1)
FORD;MUSTANG 4.6L, 4.0L, SHELBY 5.4L;2007 - 2014;6-8 CIL;L-48/91-600;G-48-700;CL-48/91-615;;2007 - 2014;6-8 CIL;FORD;MUSTANG 4.6L, 4.0L, SHELBY 5.4L
FORD;MUSTANG COUPE, GT 3.7L, 4.0L, 5.0L;2007 - 2014;6 CIL;L-48/91-600;G-48-700;CL-48/91-615;;2007 - 2014;6 CIL;FORD;MUSTANG COUPE, GT 3.7L, 4.0L, 5.0L
FORD;MUSTANG CZE;2001 - 2014;6-8 CIL;L-48/91-600;G-48-700;CL-48/91-615;;2001 - 2014;6-8 CIL;FORD;MUSTANG CZE
FORD;MUSTANG GT500 SHELBY;2008 - 2014;8 CIL;L-48/91-600;G-48-700;CL-48/91-615;;2008 - 2014;8 CIL;FORD;MUSTANG GT500 SHELBY
FORD;MYSTIQUE 2.0L, 2.5L;1995-2000;4-6 CIL;L-42-500;G-42-400;CL-42-400;;1995-2000;4-6 CIL;FORD;MYSTIQUE 2.0L, 2.5L
FORD;PATRULLA 4.6L CROWN VICTORIA;1998 - 2010;8 CIL;L-65-800;G-65-820;;;1998 - 2010;8 CIL;FORD;PATRULLA 4.6L CROWN VICTORIA
FORD;PATRULLA INTERCEPTOR FWD, 3.5L,;2015;6 CIL;L-65-800;G-65-820;;;2015;6 CIL;FORD;PATRULLA INTERCEPTOR FWD, 3.5L,
FORD;PICK UP F-SERIES;1987 - 2004;6-8 CIL;L-65-800;G-65-820;;;1987 - 2004;6-8 CIL;FORD;PICK UP F-SERIES
FORD;POLICE INTERCEPTOR;2013;6-8 CIL;N/D;N/D;;;2013;6-8 CIL;FORD;POLICE INTERCEPTOR
FORD;RANGER 2.3L;1983 - 2002;4 CIL;L-58-575;G-58-575;;T-58-420;1983 - 2002;4 CIL;FORD;RANGER 2.3L
FORD;RANGER 2.5L;2003 - 2015;4 CIL;L-48/91-600;G-48-700;CL-48/91-615;;2003 - 2015;4 CIL;FORD;RANGER 2.5L
FORD;RANGER ARGENTINA;2013;4 CIL;L-41-650;G-41-660;CL-41-650;;2013;4 CIL;FORD;RANGER ARGENTINA
FORD;RAPTOR;2013 - 2014;6 CIL;L-65-800;G-65-820;;;2013 - 2014;6 CIL;FORD;RAPTOR
FORD;SABLE 3.0L 24V;1996- 2005;6 CIL;L-24R-530;G-24R-710;;;1996- 2005;6 CIL;FORD;SABLE 3.0L 24V
FORD;SABLE 3.0L 24V;2008 - 2009;6 CIL;N/D;N/D;;;2008 - 2009;6 CIL;FORD;SABLE 3.0L 24V
FORD;TAURUS;1996 - 2007;6 CIL;L-35-575;G-35-575;CL-35-550;;1996 - 2007;6 CIL;FORD;TAURUS
FORD;THUNDERBIRD 3.9L DOHC EFI;2002 - 2004;8 CIL;L-65-800;G-65-820;;;2002 - 2004;8 CIL;FORD;THUNDERBIRD 3.9L DOHC EFI
FORD;TRANSIT;2009;6 CIL;L-42-500;G-42-400;CL-42-400;;2009;6 CIL;FORD;TRANSIT
FORD;TRANSIT 2.2L DIESEL;2009 - 2014;4 CIL;L-48/91-600;G-48-700;CL-48/91-615;;2009 - 2014;4 CIL;FORD;TRANSIT 2.2L DIESEL
FORD;WINDSTAR 3.8L LX;1995 - 2004;6 CIL;L-65-800;G-65-820;;;1995 - 2004;6 CIL;FORD;WINDSTAR 3.8L LX
FORD;WINDSTAR 3.8L LXS;1995 - 2004;6 CIL;L-65-800;G-65-820;;;1995 - 2004;6 CIL;FORD;WINDSTAR 3.8L LXS
GENERAL MOTORS COMPANY (GMC);ACADIA;2007 - 2014;6 CIL;L-48/91-600;G-48-700;CL-48/91-615;;2007 - 2014;6 CIL;GENERAL MOTORS COMPANY (GMC);ACADIA
GENERAL MOTORS COMPANY (GMC);CANYON;2004 - 2014;6 CIL;L-48/91-600;G-48-700;CL-48/91-615;;2004 - 2014;6 CIL;GENERAL MOTORS COMPANY (GMC);CANYON
GENERAL MOTORS COMPANY (GMC);SIERRA;1997 - 2002;6 CIL;L-48/91-600;G-48-700;CL-48/91-615;;1997 - 2002;6 CIL;GENERAL MOTORS COMPANY (GMC);SIERRA
GENERAL MOTORS COMPANY (GMC);SIERRA;2003 - 2014;6 CIL;L-34/78-750;G-34/78-800;;;2003 - 2014;6 CIL;GENERAL MOTORS COMPANY (GMC);SIERRA
GENERAL MOTORS COMPANY (GMC);TERRAIN;2013 - 2014;6 CIL;L-48/91-600;G-48-700;CL-48/91-615;;2013 - 2014;6 CIL;GENERAL MOTORS COMPANY (GMC);TERRAIN
GENERAL MOTORS COMPANY (GMC);YUKON;1992 - 2006;6 CIL;L-34/78-750;G-34/78-800;;;1992 - 2006;6 CIL;GENERAL MOTORS COMPANY (GMC);YUKON
GENERAL MOTORS COMPANY (GMC);YUKON;2007 - 2014;6 CIL;L-48/91-600;G-48-700;CL-48/91-615;;2007 - 2014;6 CIL;GENERAL MOTORS COMPANY (GMC);YUKON
HONDA;ACCORD;2002;6 CIL;L-35-575;G-35-575;CL-35-550;;2002;6 CIL;HONDA;ACCORD
HONDA;ACCORD;2003;6 CIL;L-34/78-750;G-34/78-800;;;2003;6 CIL;HONDA;ACCORD
HONDA;ACCORD;1998- 2001;6 CIL;L-34/78-750;G-34/78-800;;;1998- 2001;6 CIL;HONDA;ACCORD
HONDA;ACCORD;2004 - 2005;6 CIL;L-35-575;G-35-575;CL-35-550;;2004 - 2005;6 CIL;HONDA;ACCORD
HONDA;ACCORD;2006 - 2014;6 CIL;L-34/78-750;G-34/78-800;;;2006 - 2014;6 CIL;HONDA;ACCORD
HONDA;ACCORD 2.3L;1998 - 2014;4 CIL;L-35-575;G-35-575;CL-35-550;T-34R-420;1998 - 2014;4 CIL;HONDA;ACCORD 2.3L
HONDA;ACCORD 2.4L, T/A;2003 - 2014;4 CIL;L-35-575;G-35-575;CL-35-550;T-34R-420;2003 - 2014;4 CIL;HONDA;ACCORD 2.4L, T/A
HONDA;ACCORD 2.4L, T/STD;2003 - 2014;4 CIL;L-51R-500;G-51R-500;CL-51R-500;T-58R-420;2003 - 2014;4 CIL;HONDA;ACCORD 2.4L, T/STD
HONDA;CITY;2013 - 2014;4 CIL;L-51-500;G-51-500;CL-51-500;;2013 - 2014;4 CIL;HONDA;CITY
HONDA;CIVIC HYBRID;2006 - 2007;4 CIL;L-NS40Z-320;N/D;CL-NS40Z-320;;2006 - 2007;4 CIL;HONDA;CIVIC HYBRID
HONDA;CIVIC, COUPE;1992 - 2014;4 CIL;L-51R-500;G-51R-500;CL-51R-500;T-58R-420;1992 - 2014;4 CIL;HONDA;CIVIC, COUPE
HONDA;CR-V  CRV;2002 - 2014;4 CIL;L-51R-500;G-51R-500;CL-51R-500;T-58R-420;2002 - 2014;4 CIL;HONDA;CR-V  CRV
HONDA;CROSSTOUR;2013 - 2014;6 CIL;L-35-575;G-35-575;CL-35-550;;2013 - 2014;6 CIL;HONDA;CROSSTOUR
HONDA;ELEMENT;2003 - 2012;4 CIL;L-51R-500;G-51R-500;CL-51R-500;T-58R-420;2003 - 2012;4 CIL;HONDA;ELEMENT
HONDA;ODYSSEY (LX, EXL, TOURING);1995 - 2014;6 CIL;L-24R-530;G-24R-710;CL-24R-530;;1995 - 2014;6 CIL;HONDA;ODYSSEY (LX, EXL, TOURING)
HONDA;PILOT;1995 - 2014;6 CIL;L-24R-530;G-24R-710;CL-24R-530;;1995 - 2014;6 CIL;HONDA;PILOT
HONDA;RIDGELINE;1995 - 2014;6 CIL;L-24R-530;G-24R-710;CL-24R-530;;1995 - 2014;6 CIL;HONDA;RIDGELINE
HYUNDAI;ACCENT;1995-2010;TODOS;L-35-575;G-35-575;CL-35-550;;1995-2010;TODOS;HYUNDAI;ACCENT
HYUNDAI;ACCENT;1995 -2010;TODOS;L-26R-500;G-26R-500;CL-26R-575;;1995 -2010;TODOS;HYUNDAI;ACCENT
HYUNDAI;ATOS;2001;1.1, PRIME;L-NS40Z-320;N/D;CL-NS40Z-320;N/D;2001;1.1, PRIME;HYUNDAI;ATOS
HYUNDAI;AZERA;2006-2013;TODOS;L-35-575;G-35-575;CL-35-550;;2006-2013;TODOS;HYUNDAI;AZERA
HYUNDAI;AZERA;2006-2013;TODOS;L-26R-500;G-26R-500;CL-26R-575;;2006-2013;TODOS;HYUNDAI;AZERA
HYUNDAI;DINASTY;2000 - 2003;1.8;;;;;2000 - 2003;1.8;HYUNDAI;DINASTY
HYUNDAI;ELANTRA;1992-2013;1.6;L-51R-500;G-51R-500;CL-51R-500;T-58R-420;1992-2013;1.6;HYUNDAI;ELANTRA
HYUNDAI;ELANTRA;2001 - 2007;2.0;L-51R-500;G-51R-500;CL-51R-500;T-58R-420;2001 - 2007;2.0;HYUNDAI;ELANTRA
HYUNDAI;EXELL;1987-1994;TODOS;L-35-575;G-35-575;CL-35-550;;1987-1994;TODOS;HYUNDAI;EXELL
HYUNDAI;EQUUS;2011 - 2013;TODOS;L-48/91-600;G-48-700;CL-48/91-615;;2011 - 2013;TODOS;HYUNDAI;EQUUS
HYUNDAI;EQUUS;2011 - 2013;TODOS;L-49- 900AGM;G-49-850;;;2011 - 2013;TODOS;HYUNDAI;EQUUS
HYUNDAI;GENESIS GLX, COUPE;2009 - 2011;TODOS;L-48/91-615;G-49-850;CL-48/91-615;;2009 - 2011;TODOS;HYUNDAI;GENESIS GLX, COUPE
HYUNDAI;GALLOPER;2004 - 2007;2.0, 2.4;;;;;2004 - 2007;2.0, 2.4;HYUNDAI;GALLOPER
HYUNDAI;GETZ;2004 - 2007;1.4, 1.6;;;;;2004 - 2007;1.4, 1.6;HYUNDAI;GETZ
HYUNDAI;GETZ;2004 - 2007;1.5, DIESEL;;;;;2004 - 2007;1.5, DIESEL;HYUNDAI;GETZ
HYUNDAI;GRACE VAN;;2.4, 2.5;;;;;;2.4, 2.5;HYUNDAI;GRACE VAN
HYUNDAI;H1;2007;TODOS;L-34-600;G-34-600;CL-34-600;;2007;TODOS;HYUNDAI;H1
HYUNDAI;H100 MINI VAN;1994;2.5, 2.7;L-34-600;G-34-600;CL-34-600;T-34-420;1994;2.5, 2.7;HYUNDAI;H100 MINI VAN
HYUNDAI;H100 TRUCK;1995;2.7;L-34-600;G-34-600;CL-34-600;T-34-420;1995;2.7;HYUNDAI;H100 TRUCK
HYUNDAI;HD;2004-2007;2.5, 2.7;;;;;2004-2007;2.5, 2.7;HYUNDAI;HD
HYUNDAI;I10, I30;2004 - 2007;1.6, 2.0;L-NS40Z-320;N/D;CL-NS40Z-320;N/D;2004 - 2007;1.6, 2.0;HYUNDAI;I10, I30
HYUNDAI;MATRIX;2007-2008;1.6;L-26R-500;G-26R-500;CL-26R-575;T-34R-420;2007-2008;1.6;HYUNDAI;MATRIX
HYUNDAI;PONY;1987 - 1988;TODOS;L-26-500;G-26-500;CL-26-500;;1987 - 1988;TODOS;HYUNDAI;PONY
HYUNDAI;PONY;1987 - 1988;TODOS;L-35-575;G-35-575;CL-35-550;;1987 - 1988;TODOS;HYUNDAI;PONY
HYUNDAI;PORTER H100;2004 - 2007;2.5, 2.7;;;;;2004 - 2007;2.5, 2.7;HYUNDAI;PORTER H100
HYUNDAI;SANTA FE;2004 - 2007;2.4, 2.7 (4X4);L-24R-530;G-24R-710;CL-24R-530;T-34R-420;2004 - 2007;2.4, 2.7 (4X4);HYUNDAI;SANTA FE
HYUNDAI;SCOUPE;1991 - 1996;TODOS;L-26R-500;G-26R-500;CL-26R-575;;1991 - 1996;TODOS;HYUNDAI;SCOUPE
HYUNDAI;SCOUPE;1991 - 1996;TODOS;L-35-575;G-35-575;CL-35-550;;1991 - 1996;TODOS;HYUNDAI;SCOUPE
HYUNDAI;SANTAMO;1998 - 2002;2.0;;;;;1998 - 2002;2.0;HYUNDAI;SANTAMO
HYUNDAI;SONATA;1989 -1998;1.8, 2.0, 2.4;L-26-500;G-26-500;CL-26-500;;1989 -1998;1.8, 2.0, 2.4;HYUNDAI;SONATA
HYUNDAI;SONATA;1999 - 2011;1.8, 2.0, 2.4;L-24-530;G-24-710;CL-24-530;;1999 - 2011;1.8, 2.0, 2.4;HYUNDAI;SONATA
HYUNDAI;STELLAR;1983 -1991;TODOS;L-34-600;G-34-600;CL-34-600;;1983 -1991;TODOS;HYUNDAI;STELLAR
HYUNDAI;STELLAR;1983 1991;TODOS;L-24-530;G-24-710;CL-24-530;;1983 1991;TODOS;HYUNDAI;STELLAR
HYUNDAI;TERRACAN;2004 - 2007;2.9, 3.5;;;;;2004 - 2007;2.9, 3.5;HYUNDAI;TERRACAN
HYUNDAI;TIBURON;1997 - 2008;TODOS;L-24R-530;G-24R-710;CL-24R-530;;1997 - 2008;TODOS;HYUNDAI;TIBURON
HYUNDAI;TRAJET;2007-2008;TODOS;L-58R-575;G-58R-575;CL-58R-575;;2007-2008;TODOS;HYUNDAI;TRAJET
HYUNDAI;TRAJET;2004 - 2007;TODOS;L-42-500;G-42-400;CL-42-400;;2004 - 2007;TODOS;HYUNDAI;TRAJET
HYUNDAI;TUCSON;2005-2013;TODOS;L-24-530;G-24-710;CL-24-530;;2005-2013;TODOS;HYUNDAI;TUCSON
HYUNDAI;TUCSON;2005-2013;TODOS;L-26-500;G-26-500;CL-26-500;;2005-2013;TODOS;HYUNDAI;TUCSON
HYUNDAI;VERACRUZ;2004 - 2007;3.0, 3.8;L-24R-530;G-24R-710;CL-24R-530;T-34R-420;2004 - 2007;3.0, 3.8;HYUNDAI;VERACRUZ
HYUNDAI;VERNA;2004 -2006;TODOS;L-26R-500;G-26R-500;CL-26R-575;;2004 -2006;TODOS;HYUNDAI;VERNA
HYUNDAI;VERNA;2004 -2006;TODOS;L-35-575;G-35-575;CL-35-550;;2004 -2006;TODOS;HYUNDAI;VERNA
HYUNDAI;XG 300;2001;TODOS;L-26R-500;G-26R-500;CL-26R-575;;2001;TODOS;HYUNDAI;XG 300
HYUNDAI;XG 300;2001;TODOS;L-35-575;G-35-575;CL-35-550;;2001;TODOS;HYUNDAI;XG 300
HYUNDAI;XG 350;2001 - 2005;TODOS;;;;;2001 - 2005;TODOS;HYUNDAI;XG 350
HUMMER;H1;2002 - 2006;6 CIL;L-34/78-750;G-34/78-800;;;2002 - 2006;6 CIL;HUMMER;H1
HUMMER;H2;2003 - 2007;6 CIL;L-34/78-750;G-34/78-800;;;2003 - 2007;6 CIL;HUMMER;H2
HUMMER;H2;2008 - 2014;6 CIL;L-48/91-600;G-48-700;CL-48/91-615;;2008 - 2014;6 CIL;HUMMER;H2
HUMMER;H3, T;2006 - 2014;6 CIL;L-75/86-675;G-75/86-650;;;2006 - 2014;6 CIL;HUMMER;H3, T
INFINITI;FX;2013 - 2014;6 CIL;L-35-575;G-35-575;CL-35-550;;2013 - 2014;6 CIL;INFINITI;FX
INFINITI;G COUPE, SEDAN;2013 - 2014;6 CIL;L-35-575;G-35-575;CL-35-550;;2013 - 2014;6 CIL;INFINITI;G COUPE, SEDAN
INFINITI;G37 COUPE, SEDAN;2008 - 2013;6 CIL;L-35-575;G-35-575;CL-35-550;;2008 - 2013;6 CIL;INFINITI;G37 COUPE, SEDAN
INFINITI;I30;1996- 2002;6 CIL;L-35-575;G-35-575;CL-35-550;;1996- 2002;6 CIL;INFINITI;I30
INFINITI;I30;2003 - 2004;6 CIL;L-35-575;G-35-575;CL-35-550;;2003 - 2004;6 CIL;INFINITI;I30
INFINITI;I30;2005 - 2014;6 CIL;L-35-575;G-35-575;CL-35-550;;2005 - 2014;6 CIL;INFINITI;I30
INFINITI;JX;2013 - 2014;6 CIL;L-35-575;G-35-575;CL-35-550;;2013 - 2014;6 CIL;INFINITI;JX
INFINITI;M;2013 - 2014;6 CIL;L-35-575;G-35-575;CL-35-550;;2013 - 2014;6 CIL;INFINITI;M
INFINITI;M37;2011 - 2014;6 CIL;L-24R-530;G-24R-710;;;2011 - 2014;6 CIL;INFINITI;M37
INFINITI;Q45;2007;6 CIL;L-34/78-750;G-34/78-800;;;2007;6 CIL;INFINITI;Q45
INFINITI;Q45;2008;6 CIL;L-24R-530;G-24R-710;;;2008;6 CIL;INFINITI;Q45
INFINITI;Q45;2009;6 CIL;L-34/78-750;G-34/78-800;;;2009;6 CIL;INFINITI;Q45
INFINITI;Q45;2010;6 CIL;L-24R-530;G-24R-710;;;2010;6 CIL;INFINITI;Q45
INFINITI;Q45;2011;6 CIL;L-34/78-750;G-34/78-800;;;2011;6 CIL;INFINITI;Q45
INFINITI;Q45;1990 - 2006;6 CIL;L-24R-530;G-24R-710;;;1990 - 2006;6 CIL;INFINITI;Q45
INFINITI;Q45;2012 - 2014;6 CIL;L-24R-530;G-24R-710;;;2012 - 2014;6 CIL;INFINITI;Q45
INFINITI;QX;2013 - 2014;8 CIL;L-35-575;G-35-575;CL-35-550;;2013 - 2014;8 CIL;INFINITI;QX
JAGUAR;F-TYPE;2014;6 CIL;L-49- 900AGM;G-49-850;;;2014;6 CIL;JAGUAR;F-TYPE
JAGUAR;S-TYPE;1997 - 2012;6-8 CIL;L-49- 900AGM;G-49-850;;;1997 - 2012;6-8 CIL;JAGUAR;S-TYPE
JAGUAR;X-TYPE 2.5L, 3.0L;1997 - 2012;6 CIL;L-48/91-600;G-48-700;CL-48/91-615;;1997 - 2012;6 CIL;JAGUAR;X-TYPE 2.5L, 3.0L
JAGUAR;XF-SERIES;2004 - 2014;6 CIL;L-49- 900AGM;G-49-850;;;2004 - 2014;6 CIL;JAGUAR;XF-SERIES
JAGUAR;XJ SERIES;2009 - 2014;6-8 CIL;L-49- 900AGM;G-49-850;;;2009 - 2014;6-8 CIL;JAGUAR;XJ SERIES
JAGUAR;XK SERIES;2011 - 2012;6-8 CIL;L-49- 900AGM;G-49-850;;;2011 - 2012;6-8 CIL;JAGUAR;XK SERIES
JAGUAR;XKR SERIES;2009 - 2014;6 CIL;L-47-550;G-47-600;;;2009 - 2014;6 CIL;JAGUAR;XKR SERIES
JEEP;COMMANDER;2006 - 2012;6 CIL;L-48/91-600;G-48-700;CL-48/91-615;;2006 - 2012;6 CIL;JEEP;COMMANDER
JEEP;COMPASS;2007 - 2014;4 CIL;L-75/86-675;G-75/86-650;;;2007 - 2014;4 CIL;JEEP;COMPASS
JEEP;GRAND CHEROKEE;1999 - 2004;8 CIL;L-65-800;G-65-820;;;1999 - 2004;8 CIL;JEEP;GRAND CHEROKEE
JEEP;GRAND CHEROKEE;2008 - 2009;8 CIL;L-49- 900AGM;G-49-850;;;2008 - 2009;8 CIL;JEEP;GRAND CHEROKEE
JEEP;GRAND CHEROKEE 4.0L;2005 - 2014;6 CIL;L-48/91-600;G-48-700;CL-48/91-615;;2005 - 2014;6 CIL;JEEP;GRAND CHEROKEE 4.0L
JEEP;JEEP CHEROKEE;1991 - 2012;6 CIL;L-34-600;G-34-600;CL-34-600;;1991 - 2012;6 CIL;JEEP;JEEP CHEROKEE
JEEP;JEEP H100 (PICK UP, CHASIS CAB);2004 - 2010;4 CIL;L-34-600;G-34-600;CL-34-600;T-34-420;2004 - 2010;4 CIL;JEEP;JEEP H100 (PICK UP, CHASIS CAB)
JEEP;JEEP H100 (PICK UP, CHASIS CAB);2004 - 2010;4 CIL;L-24-530;G-34-600;;;2004 - 2010;4 CIL;JEEP;JEEP H100 (PICK UP, CHASIS CAB)
JEEP;JEEP NITRO;2007 - 2012;6 CIL;L-65-800;G-65-820;;;2007 - 2012;6 CIL;JEEP;JEEP NITRO
JEEP;JEEP WRANGLER 2.5L;1991 - 2010;4 CIL;L-34-600;G-34-600;CL-34-600;T-34-420;1991 - 2010;4 CIL;JEEP;JEEP WRANGLER 2.5L
JEEP;LIBERTY SPORT 4X2 Y 4X4;2000 - 2001;6 CIL;L-75/86-675;G-75/86-650;;;2000 - 2001;6 CIL;JEEP;LIBERTY SPORT 4X2 Y 4X4
JEEP;LIBERTY SPORT 4X2 Y 4X4;2003 - 2013;6 CIL;L-34-600;G-34-600;CL-34-600;;2003 - 2013;6 CIL;JEEP;LIBERTY SPORT 4X2 Y 4X4
JEEP;PATRIOT;2006 - 2014;4 CIL;L-75/86-675;G-75/86-650;;;2006 - 2014;4 CIL;JEEP;PATRIOT
JEEP;WRANGLER (SE, X, RUBICON);1991 - 2005;6 CIL;L-34-600;G-34-600;CL-34-600;;1991 - 2005;6 CIL;JEEP;WRANGLER (SE, X, RUBICON)
LAND_ROVER;DEFENDER;2013 - 2014;8 CIL;L-24-530;G-34-600;;;2013 - 2014;8 CIL;LAND_ROVER;DEFENDER
LAND_ROVER;DISCOVERY (S, SE, HSE);1998 - 2004;8 CIL;L-34-600;G-34-600;CL-34-600;;1998 - 2004;8 CIL;LAND_ROVER;DISCOVERY (S, SE, HSE)
LAND_ROVER;EVOQUE;2013 - 2014;6 CIL;L-48/91-600;G-48-700;CL-48/91-615;;2013 - 2014;6 CIL;LAND_ROVER;EVOQUE
LAND_ROVER;FREELANDER;2003 - 2005;4-6 CIL;L-47-550;G-47-600;;;2003 - 2005;4-6 CIL;LAND_ROVER;FREELANDER
LAND_ROVER;FREELANDER (S, SE, SE3, HSE);2002;4-6 CIL;L-48/91-600;G-48-700;CL-48/91-615;;2002;4-6 CIL;LAND_ROVER;FREELANDER (S, SE, SE3, HSE)
LAND_ROVER;LR2;2005 - 2014;6 CIL;L-48/91-600;G-48-700;CL-48/91-615;;2005 - 2014;6 CIL;LAND_ROVER;LR2
LAND_ROVER;LR3;2005 - 2012;6 CIL;L-49- 900AGM;G-49-850;;;2005 - 2012;6 CIL;LAND_ROVER;LR3
LAND_ROVER;LR4;2013 - 2014;6 CIL;L-49- 900AGM;G-49-850;;;2013 - 2014;6 CIL;LAND_ROVER;LR4
LAND_ROVER;RANGE ROVER;1999 - 2014;6 CIL;L-49- 900AGM;G-49-850;;;1999 - 2014;6 CIL;LAND_ROVER;RANGE ROVER
LAND_ROVER;RANGE ROVER SPORT;2009 - 2014;6 CIL;L-48/91-600;G-48-700;CL-48/91-615;;2009 - 2014;6 CIL;LAND_ROVER;RANGE ROVER SPORT
LINCOLN;AVIATOR 4.6L;2000 - 2012;8 CIL;L-65-800;G-65-820;;;2000 - 2012;8 CIL;LINCOLN;AVIATOR 4.6L
LINCOLN;BLACKWOOD 5.4L;2000 - 2012;8 CIL;L-65-800;G-65-820;;;2000 - 2012;8 CIL;LINCOLN;BLACKWOOD 5.4L
LINCOLN;CONTINENTAL 4.6L;2000-2012;8 CIL;L-65-800;G-65-820;;;2000-2012;8 CIL;LINCOLN;CONTINENTAL 4.6L
LINCOLN;CX-5;2013 - 2014;4 CIL;L-35-575;G-35-575;CL-35-550;T-34R-420;2013 - 2014;4 CIL;LINCOLN;CX-5
LINCOLN;CX-7, GRAND TOURING, SPORT;2004 - 2012;6 CIL;L-35-575;G-35-575;CL-35-550;;2004 - 2012;6 CIL;LINCOLN;CX-7, GRAND TOURING, SPORT
LINCOLN;CX-9, GRAND TOURING, SPORT;2007 - 2014;6 CIL;L-24R-530;G-24R-710;;;2007 - 2014;6 CIL;LINCOLN;CX-9, GRAND TOURING, SPORT
LINCOLN;LS 3.9L, 3.0L;2000-2012;6 CIL;L-65-800;G-65-820;;;2000-2012;6 CIL;LINCOLN;LS 3.9L, 3.0L
LINCOLN;MARK LT;1998 - 2014;6 CIL;L-65-800;G-65-820;;;1998 - 2014;6 CIL;LINCOLN;MARK LT
LINCOLN;MARK VIII 4.6L;1993 - 2012;8 CIL;L-65-800;G-65-820;;;1993 - 2012;8 CIL;LINCOLN;MARK VIII 4.6L
LINCOLN;MAZDA;;;;;;;;;LINCOLN;MAZDA
LINCOLN;MKC;2015;6 CIL;L-65-800;G-65-820;;;2015;6 CIL;LINCOLN;MKC
LINCOLN;MKS 3.5L ECOBOOST;2007 - 2014;6 CIL;L-65-800;G-65-820;;;2007 - 2014;6 CIL;LINCOLN;MKS 3.5L ECOBOOST
LINCOLN;MKX 3.5L;2007 - 2014;6 CIL;L-47-550;G-47-600;;;2007 - 2014;6 CIL;LINCOLN;MKX 3.5L
LINCOLN;MKX 3.5L;2015 - 2016;6 CIL;L-49- 900AGM;G-49-850;;;2015 - 2016;6 CIL;LINCOLN;MKX 3.5L
LINCOLN;MKZ ECOBOOST GTDI 2.0L I4;2007 - 2014;6 CIL;L-47-550;G-47-600;;;2007 - 2014;6 CIL;LINCOLN;MKZ ECOBOOST GTDI 2.0L I4
LINCOLN;MKZ 2.0L ECOBOOST 3.5L , 3.7L;2013 - 2016;4-6 CIL;L-47-550;G-47-600;;;2013 - 2016;4-6 CIL;LINCOLN;MKZ 2.0L ECOBOOST 3.5L , 3.7L
LINCOLN;NAVIGATOR 5.4L;2013 - 2014;8 CIL;L-65-800;G-65-820;;;2013 - 2014;8 CIL;LINCOLN;NAVIGATOR 5.4L
LINCOLN;TOWN CAR 4.6L;1994 - 2012;8 CIL;L-65-800;G-65-820;;;1994 - 2012;8 CIL;LINCOLN;TOWN CAR 4.6L
LINCOLN;ZEPHYR 2.3L, 2.5L, 3.0L;2006 - 2012;4-6 CIL;L-48/91-600;G-48-700;CL-48/91-615;;2006 - 2012;4-6 CIL;LINCOLN;ZEPHYR 2.3L, 2.5L, 3.0L
LINCOLN;;;;;;;;;;LINCOLN;
MAZDA;MAZDA 2;2009 - 2010;4 CIL;L-35-575;G-35-575;CL-35-550;T-34R-420;2009 - 2010;4 CIL;MAZDA;MAZDA 2
MAZDA;MAZDA 2;2011 - 2014;4 CIL;L-26R-500;G-26R-500;CL-26R-500;T-34R-420;2011 - 2014;4 CIL;MAZDA;MAZDA 2
MAZDA;MAZDA 3 TODAS LAS VERSIONES;2004 - 2014;4 CIL;L-35-575;G-35-575;CL-35-550;T-34R-420;2004 - 2014;4 CIL;MAZDA;MAZDA 3 TODAS LAS VERSIONES
MAZDA;MAZDA 5, TOURING, TURBO;2006 - 2014;4 CIL;L-35-575;G-35-575;CL-35-550;T-34R-420;2006 - 2014;4 CIL;MAZDA;MAZDA 5, TOURING, TURBO
MAZDA;MAZDA 6 SPORT, GT, 2.4L, 3.7L;2003 - 2014;4-6 CIL;L-51R-500;G-51R-500;CL-51R-500;;2003 - 2014;4-6 CIL;MAZDA;MAZDA 6 SPORT, GT, 2.4L, 3.7L
MAZDA;MAZDA 6, GRAND SPORT;2005 - 2014;6 CIL;L-41-650;G-41-660;CL-41-650;;2005 - 2014;6 CIL;MAZDA;MAZDA 6, GRAND SPORT
MAZDA;MX-5;2006 - 2014;4 CIL;L-51R-500;G-51R-500;CL-51R-500;T-58R-420;2006 - 2014;4 CIL;MAZDA;MX-5
MERCEDES BENZ;CLASE A, 160,190;1994 - 2014;4 CIL;L-49- 900AGM;G-49-850;;;1994 - 2014;4 CIL;MERCEDES BENZ;CLASE A, 160,190
MERCEDES BENZ;CLASE C TODAS LAS VERSIONES;1994 - 2014;4-6 CIL;L-49- 900AGM;G-49-850;;;1994 - 2014;4-6 CIL;MERCEDES BENZ;CLASE C TODAS LAS VERSIONES
MERCEDES BENZ;CLASE CL TODAS LAS VERSIONES;1994 - 2014;4-6 CIL;L-49- 900AGM;G-49-850;;;1994 - 2014;4-6 CIL;MERCEDES BENZ;CLASE CL TODAS LAS VERSIONES
MERCEDES BENZ;CLASE CLK TODAS LAS VERSIONES;1994 - 2014;4-6 CIL;L-49- 900AGM;G-49-850;;;1994 - 2014;4-6 CIL;MERCEDES BENZ;CLASE CLK TODAS LAS VERSIONES
MERCEDES BENZ;CLASE CLS TODAS LAS VERSIONES;2011 - 2014;6 CIL;L-49- 900AGM;G-49-850;;;2011 - 2014;6 CIL;MERCEDES BENZ;CLASE CLS TODAS LAS VERSIONES
MERCEDES BENZ;CLASE E TODAS LAS VERSIONES;1994 - 2014;6 CIL;L-49- 900AGM;G-49-850;;;1994 - 2014;6 CIL;MERCEDES BENZ;CLASE E TODAS LAS VERSIONES
MERCEDES BENZ;CLASE S TODAS LAS VERSIONES;1994 - 2014;6-8 CIL;L-49- 900AGM;G-49-850;;;1994 - 2014;6-8 CIL;MERCEDES BENZ;CLASE S TODAS LAS VERSIONES
MERCEDES BENZ;CLASE SL TODAS LAS VERSIONES;1994 - 2014;6 CIL;L-49- 900AGM;G-49-850;;;1994 - 2014;6 CIL;MERCEDES BENZ;CLASE SL TODAS LAS VERSIONES
MERCEDES BENZ;CLASE SLK TODAS LAS VERSIONES;1994 - 2014;6 CIL;L-49- 900AGM;G-49-850;;;1994 - 2014;6 CIL;MERCEDES BENZ;CLASE SLK TODAS LAS VERSIONES
MERCEDES BENZ;CLASE SLS;2013 - 2014;6 CIL;L-48/91-600;G-48-700;CL-48/91-615;;2013 - 2014;6 CIL;MERCEDES BENZ;CLASE SLS
MERCEDES_BENZ;CLASE G TODAS LAS VER- SIONES;1994 - 2014;6 CIL;L-49- 900AGM;G-49-850;;;1994 - 2014;6 CIL;MERCEDES_BENZ;CLASE G TODAS LAS VER- SIONES
MERCEDES_BENZ;CLASE M TODAS LAS VER- SIONES;1994 - 2014;6 CIL;L-49- 900AGM;G-49-850;;;1994 - 2014;6 CIL;MERCEDES_BENZ;CLASE M TODAS LAS VER- SIONES
MERCEDES_BENZ;SPRINTER;2014;6 CIL;L-49- 900AGM;G-49-850;;;2014;6 CIL;MERCEDES_BENZ;SPRINTER
MERCEDES_BENZ;VITO COMFORT, VIP;2013 - 2014;6 CIL;L-49- 900AGM;G-49-850;;;2013 - 2014;6 CIL;MERCEDES_BENZ;VITO COMFORT, VIP
MERCURY;MARINER;2005 - 2014;6 CIL;L-48/91-600;G-48-700;CL-48/91-615;;2005 - 2014;6 CIL;MERCURY;MARINER
MERCURY;MILAN 3.0L;2006 - 2014;6 CIL;L-48/91-600;G-48-700;CL-48/91-615;;2006 - 2014;6 CIL;MERCURY;MILAN 3.0L
MERCURY;MONTEGO;2005 - 2007;6 CIL;N/D;N/D;;;2005 - 2007;6 CIL;MERCURY;MONTEGO
MERCURY;MONTEGO 3.0L;2005 - 2007;6 CIL;L-24R-530;G-24R-710;;;2005 - 2007;6 CIL;MERCURY;MONTEGO 3.0L
MG ROVER;MG R75 (SEDAN,TOURER);2003 - 2014;6 CIL;L-48/91-600;G-48-700;CL-48/91-615;;2003 - 2014;6 CIL;MG ROVER;MG R75 (SEDAN,TOURER)
MG ROVER;MG TF;2003 - 2014;4 CIL;L-47-550;G-47-600;;T-58R-420;2003 - 2014;4 CIL;MG ROVER;MG TF
MG ROVER;MG TR;2003 - 2014;6 CIL;L-47-550;G-47-600;;;2003 - 2014;6 CIL;MG ROVER;MG TR
MG ROVER;MG ZT;2003 - 2014;6 CIL;L-48/91-600;G-48-700;CL-48/91-615;;2003 - 2014;6 CIL;MG ROVER;MG ZT
MINI COOPER;COOPER;2013 - 2014;4 CIL;L-47-550;G-47-600;;T-58R-420;2013 - 2014;4 CIL;MINI COOPER;COOPER
MINI COOPER;MINI CLUBMAN, CONVERTIBLE;2009 - 2014;4 CIL;L-48/91-600;G-48-700;CL-48/91-615;;2009 - 2014;4 CIL;MINI COOPER;MINI CLUBMAN, CONVERTIBLE
MINI COOPER;MINI COOPER CHILI;2002 - 2004;4 CIL;L-47-550;G-47-600;;T-58R-420;2002 - 2004;4 CIL;MINI COOPER;MINI COOPER CHILI
MINI COOPER;MINI COOPER CHILI;2005 - 2007;4 CIL;L-48/91-600;G-48-700;CL-48/91-615;;2005 - 2007;4 CIL;MINI COOPER;MINI COOPER CHILI
MINI COOPER;MINI COOPER CHILI;2008 - 2014;4 CIL;L-47-550;G-47-600;;T-58R-420;2008 - 2014;4 CIL;MINI COOPER;MINI COOPER CHILI
MINI COOPER;MINI COOPER JCW;2002 - 2004;4 CIL;L-48/91-600;G-48-700;CL-48/91-615;;2002 - 2004;4 CIL;MINI COOPER;MINI COOPER JCW
MINI COOPER;MINI COOPER JCW;2005 - 2012;4 CIL;L-47-550;G-47-600;;T-58R-420;2005 - 2012;4 CIL;MINI COOPER;MINI COOPER JCW
MINI COOPER;MINI COOPER PEPPER;2002 - 2009;4 CIL;L-47-550;G-47-600;;T-58R-420;2002 - 2009;4 CIL;MINI COOPER;MINI COOPER PEPPER
MINI COOPER;MINI COOPER PEPPER;2010 - 2014;4 CIL;L-48/91-600;G-48-700;CL-48/91-615;;2010 - 2014;4 CIL;MINI COOPER;MINI COOPER PEPPER
MINI COOPER;MINI COOPER SALT;2002 - 2007;4 CIL;L-47-550;G-47-600;;T-58R-420;2002 - 2007;4 CIL;MINI COOPER;MINI COOPER SALT
MINI COOPER;MINI COOPER SALT;2008 - 2010;4 CIL;L-48/91-600;G-48-700;CL-48/91-615;;2008 - 2010;4 CIL;MINI COOPER;MINI COOPER SALT
MINI COOPER;MINI COOPER SALT;2011 - 2014;4 CIL;L-47-550;G-47-600;;T-58R-420;2011 - 2014;4 CIL;MINI COOPER;MINI COOPER SALT
MINI COOPER;MINI COUNTRYMAN;2011 - 2014;4 CIL;L-48/91-600;G-48-700;CL-48/91-615;;2011 - 2014;4 CIL;MINI COOPER;MINI COUNTRYMAN
MITSUBISHI;ECLIPSE;2006 - 2012;6 CIL;L-24-530;G-34-600;;;2006 - 2012;6 CIL;MITSUBISHI;ECLIPSE
MITSUBISHI;ECLIPSE GT;1990- 2005;6 CIL;L-75/86-675;G-75/86-650;;;1990- 2005;6 CIL;MITSUBISHI;ECLIPSE GT
MITSUBISHI;ENDEAVOR;2004 - 2012;6 CIL;L-24-530;G-34-600;;;2004 - 2012;6 CIL;MITSUBISHI;ENDEAVOR
MITSUBISHI;GALANT;1990-2000;6 CIL;L-24-530;G-34-600;;;1990-2000;6 CIL;MITSUBISHI;GALANT
MITSUBISHI;GALANT;2001 - 2007;6 CIL;L-75/86-675;G-75/86-650;;;2001 - 2007;6 CIL;MITSUBISHI;GALANT
MITSUBISHI;GALANT;2008 - 2012;6 CIL;L-24-530;G-34-600;;;2008 - 2012;6 CIL;MITSUBISHI;GALANT
MITSUBISHI;GRANDIS 2.4L;2008 - 2012;4 CIL;L-35-575;G-35-575;CL-35-550;T-34R-420;2008 - 2012;4 CIL;MITSUBISHI;GRANDIS 2.4L
MITSUBISHI;L200 2.4L, 2.5L;2008 - 2014;6 CIL;L-27F-520;N/D;;;2008 - 2014;6 CIL;MITSUBISHI;L200 2.4L, 2.5L
MITSUBISHI;LANCER, 2.2L, 2.4L;2003 - 2014;4 CIL;L-35-575;G-35-575;CL-35-550;T-34R-420;2003 - 2014;4 CIL;MITSUBISHI;LANCER, 2.2L, 2.4L
MITSUBISHI;MONTERO;2001 - 2006;6 CIL;L-24R-530;G-24R-710;;;2001 - 2006;6 CIL;MITSUBISHI;MONTERO
MITSUBISHI;MONTERO (LIMITED, SPORT XLS);1995 - 2004;6 CIL;L-24-530;G-34-600;;;1995 - 2004;6 CIL;MITSUBISHI;MONTERO (LIMITED, SPORT XLS)
MITSUBISHI;OUTLANDER 2.4L;2003 - 2008;4 CIL;L-35-575;G-35-575;CL-35-550;T-34R-420;2003 - 2008;4 CIL;MITSUBISHI;OUTLANDER 2.4L
MITSUBISHI;OUTLANDER 2.4L;2009 - 2010;4 CIL;L-24R-530;G-24R-710;;T-34R-420;2009 - 2010;4 CIL;MITSUBISHI;OUTLANDER 2.4L
MITSUBISHI;OUTLANDER 2.4L;2011 - 2014;4-6 CIL;L-35-575;G-35-575;CL-35-550;;2011 - 2014;4-6 CIL;MITSUBISHI;OUTLANDER 2.4L
MITSUBISHI;OUTLANDER 3.0L;2007 - 2014;4-6 CIL;L-24R-530;G-24R-710;;;2007 - 2014;4-6 CIL;MITSUBISHI;OUTLANDER 3.0L
NISSAN;350Z (TOURING TM, TA);2004 - 2007;6 CIL;L-35-575;G-35-575;CL-35-550;;2004 - 2007;6 CIL;NISSAN;350Z (TOURING TM, TA)
NISSAN;370Z;2013 - 2014;6 CIL;L-35-575;G-35-575;CL-35-550;;2013 - 2014;6 CIL;NISSAN;370Z
NISSAN;ALMERA;2001 - 2012;4 CIL;L-47-550;G-47-600;;T-58R-420;2001 - 2012;4 CIL;NISSAN;ALMERA
NISSAN;ALTIMA (S, SE, SL);1996 - 2006;4 CIL;L-24R-530;G-24R-710;;T-34R-420;1996 - 2006;4 CIL;NISSAN;ALTIMA (S, SE, SL)
NISSAN;ALTIMA (S, SE, SL);2007 - 2014;4-6 CIL;L-35-575;G-35-575;CL-35-550;;2007 - 2014;4-6 CIL;NISSAN;ALTIMA (S, SE, SL)
NISSAN;APRIO;2009 - 2012;4 CIL;L-47-550;G-47-600;;T-58R-420;2009 - 2012;4 CIL;NISSAN;APRIO
NISSAN;ARMADA;2004 - 2014;6-8 CIL;L-24R-530;G-24R-710;;;2004 - 2014;6-8 CIL;NISSAN;ARMADA
NISSAN;FRONTIER;1998 - 2014;6 CIL;L-24-530;G-34-600;;;1998 - 2014;6 CIL;NISSAN;FRONTIER
NISSAN;FRONTIER;2005 - 2010;6 CIL;L-34/78-750;G-34/78-800;;;2005 - 2010;6 CIL;NISSAN;FRONTIER
NISSAN;FRONTIER;2011 - 2014;6 CIL;L-35-575;G-35-575;CL-35-550;;2011 - 2014;6 CIL;NISSAN;FRONTIER
NISSAN;ICHI VAN;1986 - 2001;4 CIL;L-22F-450;G-22F-450;;T-58R-420;1986 - 2001;4 CIL;NISSAN;ICHI VAN
NISSAN;JUKE 1.6L;2013 - 2014;4 CIL;L-35-575;G-35-575;CL-35-550;T-34R-420;2013 - 2014;4 CIL;NISSAN;JUKE 1.6L
NISSAN;LUCINO 1.6L, 2.0L;1995 - 2012;4 CIL;L-35-575;G-35-575;CL-35-550;T-34R-420;1995 - 2012;4 CIL;NISSAN;LUCINO 1.6L, 2.0L
NISSAN;MARCH;2011 - 2014;4 CIL;L-99-390;G-99-390;;T-58R-420;2011 - 2014;4 CIL;NISSAN;MARCH
NISSAN;MAXIMA (SE, GLE);2000-2008;4-6 CIL;L-34/78-750;G-34/78-800;;;2000-2008;4-6 CIL;NISSAN;MAXIMA (SE, GLE)
NISSAN;MAXIMA 3.0L;2009 - 2014;4-6 CIL;L-35-575;G-35-575;CL-35-550;;2009 - 2014;4-6 CIL;NISSAN;MAXIMA 3.0L
NISSAN;MAXIMA 3.0L (SE, GLE);2000-2007;6 CIL;L-24R-530;G-24R-710;;;2000-2007;6 CIL;NISSAN;MAXIMA 3.0L (SE, GLE)
NISSAN;MICRA;2004 - 2007;4 CIL;L-99-390;G-99-390;;T-58R-420;2004 - 2007;4 CIL;NISSAN;MICRA
NISSAN;MURANO (SE AWD, SL2WD);2003 - 2014;6 CIL;L-35-575;G-35-575;CL-35-550;;2003 - 2014;6 CIL;NISSAN;MURANO (SE AWD, SL2WD)
NISSAN;NP300;2013 - 2014;6 CIL;L-26R-500;G-26R-500;CL-26R-500;;2013 - 2014;6 CIL;NISSAN;NP300
NISSAN;PATHFINDER;1993 - 2004;6 CIL;L-24-530;G-34-600;;;1993 - 2004;6 CIL;NISSAN;PATHFINDER
NISSAN;PATHFINDER;2013 - 2014;6 CIL;L-35-575;G-35-575;CL-35-550;;2013 - 2014;6 CIL;NISSAN;PATHFINDER
NISSAN;PATHFINDER LE 4X2-4X4;2004 - 2014;8 CIL;L-24R-530;G-24R-710;;;2004 - 2014;8 CIL;NISSAN;PATHFINDER LE 4X2-4X4
NISSAN;PICK UP (DIESEL, KING CAB, CHASIS, ESTACAS);1999 - 2014;4-6 CIL;L-24-530;G-34-600;;;1999 - 2014;4-6 CIL;NISSAN;PICK UP (DIESEL, KING CAB, CHASIS, ESTACAS)
NISSAN;PICK UP (DIESEL, KING CAB, CHASIS, ESTACAS);2003 - 2014;4-6 CIL;L-24R-530;G-24R-710;;;2003 - 2014;4-6 CIL;NISSAN;PICK UP (DIESEL, KING CAB, CHASIS, ESTACAS)
NISSAN;PLATINA (Q, K, K PLUS, A);2001 - 2012;4 CIL;L-47-550;G-47-600;;T-58R-420;2001 - 2012;4 CIL;NISSAN;PLATINA (Q, K, K PLUS, A)
NISSAN;QUEST (GLE GXE);1993 - 2003;6 CIL;L-35-575;G-35-575;CL-35-550;;1993 - 2003;6 CIL;NISSAN;QUEST (GLE GXE)
NISSAN;QUEST (S, SE, SL);2004 - 2012;6 CIL;L-24R-530;G-24R-710;;;2004 - 2012;6 CIL;NISSAN;QUEST (S, SE, SL)
NISSAN;ROUGE;2004 - 2014;4 CIL;L-24R-530;G-24R-710;;T-34R-420;2004 - 2014;4 CIL;NISSAN;ROUGE
NISSAN;SENTRA (SE,R,LE,GXE,XE);1995 - 2014;4 CIL;L-35-575;G-35-575;CL-35-550;T-34R-420;1995 - 2014;4 CIL;NISSAN;SENTRA (SE,R,LE,GXE,XE)
NISSAN;SENTRA (SE,R,LE,GXE,XE);1995 - 2014;4 CIL;L-24R-530;G-24R-710;;T-34R-420;1995 - 2014;4 CIL;NISSAN;SENTRA (SE,R,LE,GXE,XE)
NISSAN;TIIDA, HATCH, SEDAN;2007 - 2014;4 CIL;L-47-550;G-47-600;;T-58R-420;2007 - 2014;4 CIL;NISSAN;TIIDA, HATCH, SEDAN
NISSAN;TITAN;2004 - 2014;6-8 CIL;L-24R-530;G-24R-710;;;2004 - 2014;6-8 CIL;NISSAN;TITAN
NISSAN;TSUBAME (GS, GST, GSX);2000-2006;4 CIL;L-35-575;G-35-575;CL-35-550;T-34R-420;2000-2006;4 CIL;NISSAN;TSUBAME (GS, GST, GSX)
NISSAN;TSURU (GSII, GSI, GSR 2000;1995 - 2014;4 CIL;L-35-575;G-35-575;CL-35-550;T-34R-420;1995 - 2014;4 CIL;NISSAN;TSURU (GSII, GSI, GSR 2000
NISSAN;URVAN;1996 - 2006;6 CIL;L-35-575;G-35-575;CL-35-550;;1996 - 2006;6 CIL;NISSAN;URVAN
NISSAN;URVAN;1996 - 2012;6 CIL;L-34-600;G-34-600;CL-34-600;;1996 - 2012;6 CIL;NISSAN;URVAN
NISSAN;VERSA;2009 - 2014;4 CIL;L-42-400;G-42-400;CL-42-400;T-58R-420;2009 - 2014;4 CIL;NISSAN;VERSA
NISSAN;VERSA, CVT;2009 - 2015;4 CIL;L-51R-500;G-51R-500;CL-51R-500;T-58R-420;2009 - 2015;4 CIL;NISSAN;VERSA, CVT
NISSAN;X-TERRA;1998 - 2012;6 CIL;L-75/86-675;G-75/86-650;;;1998 - 2012;6 CIL;NISSAN;X-TERRA
NISSAN;X-TRAIL;2000 - 2014;4-6 CIL;L-24R-530;G-24R-710;;;2000 - 2014;4-6 CIL;NISSAN;X-TRAIL
PEUGEOT;107;2012;4 CIL;L-99-390;G-99-390;;T-58R-420;2012;4 CIL;PEUGEOT;107
PEUGEOT;307;2000-2012;4 CIL;L-47-550;G-47-600;;T-58R-420;2000-2012;4 CIL;PEUGEOT;307
PEUGEOT;406;1996- 2004;4 CIL;L-48/91-600;G-48-700;CL-48/91-615;;1996- 2004;4 CIL;PEUGEOT;406
PEUGEOT;407;2004 - 2012;4 CIL;L-47-550;G-47-600;;T-58R-420;2004 - 2012;4 CIL;PEUGEOT;407
PEUGEOT;508;2012 - 2014;6 CIL;L-41-650;G-41-660;CL-41-650;;2012 - 2014;6 CIL;PEUGEOT;508
PEUGEOT;607;2004 - 2012;6 CIL;L-26R-500;G-26R-500;CL-26R-500;;2004 - 2012;6 CIL;PEUGEOT;607
PEUGEOT;607;2004 - 2012;6 CIL;L-47-550;G-47-600;;;2004 - 2012;6 CIL;PEUGEOT;607
PEUGEOT;3008;2013 - 2014;4 CIL;L-47-550;G-47-600;;T-58R-420;2013 - 2014;4 CIL;PEUGEOT;3008
PEUGEOT;206 CC;2000-2012;4 CIL;L-26R-500;G-26R-500;CL-26R-500;T-34R-420;2000-2012;4 CIL;PEUGEOT;206 CC
PEUGEOT;206, 207;2000-2013;4 CIL;L-47-550;G-47-600;;T-58R-420;2000-2013;4 CIL;PEUGEOT;206, 207
PEUGEOT;207 CC;2013;4 CIL;L-47-550;G-47-600;;T-58R-420;2013;4 CIL;PEUGEOT;207 CC
PEUGEOT;207 CC, E;2006 - 2012;4 CIL;L-48/91-600;G-48-700;CL-48/91-615;;2006 - 2012;4 CIL;PEUGEOT;207 CC, E
PEUGEOT;3008 TURBO;2009 - 2012;4 CIL;L-48/91-600;G-48-700;CL-48/91-615;;2009 - 2012;4 CIL;PEUGEOT;3008 TURBO
PEUGEOT;308 CC;2014;4 CIL;L-41-650;G-41-660;CL-41-650;;2014;4 CIL;PEUGEOT;308 CC
PEUGEOT;308 RC;2007 - 2014;4 CIL;L-41-650;G-41-660;CL-41-650;;2007 - 2014;4 CIL;PEUGEOT;308 RC
PEUGEOT;308, CC;2000-2014;4 CIL;L-48/91-600;G-48-700;CL-48/91-615;;2000-2014;4 CIL;PEUGEOT;308, CC
PEUGEOT;EXPERT;2009 - 2012;6 CIL;L-48/91-600;G-48-700;CL-48/91-615;;2009 - 2012;6 CIL;PEUGEOT;EXPERT
PEUGEOT;GRAND RAID;2004 - 2012;4 CIL;L-26R-500;G-26R-500;CL-26R-500;T-34R-420;2004 - 2012;4 CIL;PEUGEOT;GRAND RAID
PEUGEOT;MANAGER;2007 - 2014;6 CIL;L-49- 900AGM;G-49-850;;;2007 - 2014;6 CIL;PEUGEOT;MANAGER
PEUGEOT;PARTNER, PARTNER MAYA;2004 - 2014;4 CIL;L-47-550;G-47-600;;T-58R-420;2004 - 2014;4 CIL;PEUGEOT;PARTNER, PARTNER MAYA
PEUGEOT;RCZ TURBO;2013 - 2014;6 CIL;L-48/91-600;G-48-700;CL-48/91-615;;2013 - 2014;6 CIL;PEUGEOT;RCZ TURBO
PIAGIO;APE DIESEL;2003 - 2014;N/D;L-99-390;G-99-390;;T-58R-420;2003 - 2014;N/D;PIAGIO;APE DIESEL
PIAGIO;APE GASOLINA;2003 - 2014;N/D;L-24R-530;G-24R-710;;T-34R-420;2003 - 2014;N/D;PIAGIO;APE GASOLINA
PIAGIO;PORTER DIESEL;2003 - 2014;N/D;L-47-550;G-47-600;;T-58R-420;2003 - 2014;N/D;PIAGIO;PORTER DIESEL
PIAGIO;PORTER GASOLINA;2003 - 2014;N/D;L-51R-500;G-51R-500;CL-51R-500;;2003 - 2014;N/D;PIAGIO;PORTER GASOLINA
PONTIAC;AZTEK;1992 - 2006;6 CIL;L-34/78-750;G-34/78-800;;;1992 - 2006;6 CIL;PONTIAC;AZTEK
PONTIAC;BONEVILLE;2012;6 CIL;L-75-575;G-75-600;;;2012;6 CIL;PONTIAC;BONEVILLE
PONTIAC;BONEVILLE;1994- 2004;6 CIL;L-34/78-750;G-34/78-800;;;1994- 2004;6 CIL;PONTIAC;BONEVILLE
PONTIAC;G3;2006 - 2012;4 CIL;L-75/86-675;G-75/86-650;;;2006 - 2012;4 CIL;PONTIAC;G3
PONTIAC;G4;2005 - 2008;4 CIL;L-47-550;G-47-600;;T-58R-420;2005 - 2008;4 CIL;PONTIAC;G4
PONTIAC;G5;2005 - 2009;4 CIL;L-47-550;G-47-600;;T-58R-420;2005 - 2009;4 CIL;PONTIAC;G5
PONTIAC;G6;2006 - 2012;6 CIL;L-75/86-675;G-75/86-650;;;2006 - 2012;6 CIL;PONTIAC;G6
PONTIAC;GRAND AM;1993- 2005;6 CIL;L-75-575;G-75-600;;;1993- 2005;6 CIL;PONTIAC;GRAND AM
PONTIAC;GRAND PRIX;1996- 2003;6 CIL;L-34/78-750;G-34/78-800;;;1996- 2003;6 CIL;PONTIAC;GRAND PRIX
PONTIAC;GRAND PRIX;2004 - 2008;6 CIL;L-34-600;G-34-600;CL-34-600;;2004 - 2008;6 CIL;PONTIAC;GRAND PRIX
PONTIAC;GRAND PRIX;2005 - 2008;8 CIL;L-75/86-675;G-75/86-650;;;2005 - 2008;8 CIL;PONTIAC;GRAND PRIX
PONTIAC;MATIZ;2003 - 2012;4 CIL;L-NS40Z-320;N/D;CL-NS40Z-320;;2003 - 2012;4 CIL;PONTIAC;MATIZ
PONTIAC;SOLSTICE;2006 - 2012;6 CIL;L-75/86-675;G-75/86-650;;;2006 - 2012;6 CIL;PONTIAC;SOLSTICE
PONTIAC;SUNFIRE GT 2.2L, 2.4L;1993 - 2012;6 CIL;L-75-575;G-75-600;;;1993 - 2012;6 CIL;PONTIAC;SUNFIRE GT 2.2L, 2.4L
PONTIAC;TORRENT;2006;6 CIL;L-75-575;G-75-600;;;2006;6 CIL;PONTIAC;TORRENT
PONTIAC;TORRENT;2007;6 CIL;L-47-550;G-47-600;;;2007;6 CIL;PONTIAC;TORRENT
PONTIAC;TORRENT;2008;6 CIL;L-75-575;G-75-600;;;2008;6 CIL;PONTIAC;TORRENT
PORSCHE;911 TODAS LAS VERSIONES;1997 - 2014;6-8 CIL;L-48/91-600;G-48-700;CL-48/91-615;;1997 - 2014;6-8 CIL;PORSCHE;911 TODAS LAS VERSIONES
PORSCHE;BOXTER TODAS LAS VERSIONES;1997 - 2014;6-8 CIL;L-48/91-600;G-48-700;CL-48/91-615;;1997 - 2014;6-8 CIL;PORSCHE;BOXTER TODAS LAS VERSIONES
PORSCHE;CAYENNE TODAS LAS VER- SIONES;2004 - 2014;6-8 CIL;L-49- 900AGM;G-49-850;;;2004 - 2014;6-8 CIL;PORSCHE;CAYENNE TODAS LAS VER- SIONES
PORSCHE;PANAMERA TODAS LAS VERSIONES;2004 - 2014;6-8 CIL;L-49- 900AGM;G-49-850;;;2004 - 2014;6-8 CIL;PORSCHE;PANAMERA TODAS LAS VERSIONES
RENAULT;CLIO;2001 - 2012;6 CIL;L-47-550;G-47-600;;;2001 - 2012;6 CIL;RENAULT;CLIO
RENAULT;CLIO (SPORT);2001 - 2012;4 CIL;L-26R-500;G-26R-500;CL-26R-500;T-34R-420;2001 - 2012;4 CIL;RENAULT;CLIO (SPORT)
RENAULT;DUSTER;2013 - 2014;4 CIL;L-34/78-750;G-34/78-800;;;2013 - 2014;4 CIL;RENAULT;DUSTER
RENAULT;FLUENCE;2009 - 2014;4 CIL;L-48/91-600;G-48-700;CL-48/91-615;;2009 - 2014;4 CIL;RENAULT;FLUENCE
RENAULT;KANGOO;2004 - 2012;4 CIL;L-47-550;G-47-600;;T-58R-420;2004 - 2012;4 CIL;RENAULT;KANGOO
RENAULT;KOLEOS;2009 - 2014;4 CIL;L-34/78-750;G-34/78-800;;;2009 - 2014;4 CIL;RENAULT;KOLEOS
RENAULT;LAGUNA (GRAND TOUR);2001 - 2012;6 CIL;L-48/91-600;G-48-700;CL-48/91-615;;2001 - 2012;6 CIL;RENAULT;LAGUNA (GRAND TOUR)
RENAULT;MEGANE;1995- 2002;4 CIL;L-47-550;G-47-600;;T-58R-420;1995- 2002;4 CIL;RENAULT;MEGANE
RENAULT;MEGANE, GT, II, III, RS, SS;2003 - 2012;4 CIL;L-48/91-600;G-48-700;CL-48/91-615;;2003 - 2012;4 CIL;RENAULT;MEGANE, GT, II, III, RS, SS
RENAULT;SAFRANE;2009 - 2014;6 CIL;L-34/78-750;G-34/78-800;;;2009 - 2014;6 CIL;RENAULT;SAFRANE
RENAULT;SANDERO;2010 - 2014;4 CIL;L-47-550;G-47-600;;T-58R-420;2010 - 2014;4 CIL;RENAULT;SANDERO
RENAULT;SCALA;2010 - 2013;4 CIL;L-35-575;G-35-575;CL-35-550;T-34R-420;2010 - 2013;4 CIL;RENAULT;SCALA
RENAULT;SCENIC;2001 - 2012;4 CIL;L-47-550;G-47-600;;T-58R-420;2001 - 2012;4 CIL;RENAULT;SCENIC
RENAULT;STEPWAY;2013 - 2014;4 CIL;L-47-550;G-47-600;;T-58R-420;2013 - 2014;4 CIL;RENAULT;STEPWAY
RENAULT;TRAFIC;2009 - 2014;6 CIL;L-48/91-600;G-48-700;CL-48/91-615;;2009 - 2014;6 CIL;RENAULT;TRAFIC
SAAB;93;1990 - 2014;6 CIL;L-48/91-600;G-48-700;CL-48/91-615;;1990 - 2014;6 CIL;SAAB;93
SAAB;95;1990 - 2014;6 CIL;L-48/91-600;G-48-700;CL-48/91-615;;1990 - 2014;6 CIL;SAAB;95
SEAT;ALHAMBRA;2002 - 2007;6 CIL;L-47-550;G-47-600;;;2002 - 2007;6 CIL;SEAT;ALHAMBRA
SEAT;ALTEA XL;2005 - 2014;4 CIL;L-47-550;G-47-600;;T-58R-420;2005 - 2014;4 CIL;SEAT;ALTEA XL
SEAT;BOCA NEGRA;2010- 2012;4 CIL;L-47-550;G-47-600;;T-58R-420;2010- 2012;4 CIL;SEAT;BOCA NEGRA
SEAT;CORDOBA;2000-2012;4 CIL;L-47-550;G-47-600;;T-58R-420;2000-2012;4 CIL;SEAT;CORDOBA
SEAT;EXCEO;2011 - 2012;4 CIL;L-47-550;G-47-600;;T-58R-420;2011 - 2012;4 CIL;SEAT;EXCEO
SEAT;FREETRACK;2013 - 2014;4 CIL;L-47-550;G-47-600;;T-58R-420;2013 - 2014;4 CIL;SEAT;FREETRACK
SEAT;IBIZA;2000-2014;4 CIL;L-47-550;G-47-600;;T-58R-420;2000-2014;4 CIL;SEAT;IBIZA
SEAT;LEÓN REFERENCE, STYLANCE;2009 - 2014;4 CIL;L-48/91-600;G-48-700;CL-48/91-615;;2009 - 2014;4 CIL;SEAT;LEÓN REFERENCE, STYLANCE
SEAT;LEON, FR, Z;2000-2014;4 CIL;L-47-550;G-47-600;;T-58R-420;2000-2014;4 CIL;SEAT;LEON, FR, Z
SEAT;TOLEDO;2000-2006;4 CIL;L-47-550;G-47-600;;T-58R-420;2000-2006;4 CIL;SEAT;TOLEDO
SEAT;TOLEDO;2013 - 2014;4 CIL;L-99-390;G-99-390;;T-58R-420;2013 - 2014;4 CIL;SEAT;TOLEDO
SMART;BRABUS;2013;4 CIL;L-99-390;G-99-390;;T-58R-420;2013;4 CIL;SMART;BRABUS
SMART;BRABUS;2014;4 CIL;L-47-550;G-47-600;;T-58R-420;2014;4 CIL;SMART;BRABUS
SMART;CITY (FORTWO, FORFOUR);2004 - 2012;4 CIL;L-99-390;G-99-390;;T-58R-420;2004 - 2012;4 CIL;SMART;CITY (FORTWO, FORFOUR)
SUBARU;FORESTER;1994 - 2014;4 CIL;L-35-575;G-35-575;CL-35-550;T-34R-420;1994 - 2014;4 CIL;SUBARU;FORESTER
SUBARU;IMPREZA, 2.5i, 2.0r, WRX;1994 - 2012;4 CIL;L-35-575;G-35-575;CL-35-550;T-34R-420;1994 - 2012;4 CIL;SUBARU;IMPREZA, 2.5i, 2.0r, WRX
SUBARU;LEGACY, 2.0r, 2.5i, 3.0r;1994 - 2014;4 CIL;L-35-575;G-35-575;CL-35-550;T-34R-420;1994 - 2014;4 CIL;SUBARU;LEGACY, 2.0r, 2.5i, 3.0r
SUBARU;OUTBACK 2.5L XT;1994 - 2012;4 CIL;L-35-575;G-35-575;CL-35-550;T-34R-420;1994 - 2012;4 CIL;SUBARU;OUTBACK 2.5L XT
SUBARU;OUTBACK 2.5L XT;2013 - 2014;4 CIL;L-24R-530;G-24R-710;;T-34R-420;2013 - 2014;4 CIL;SUBARU;OUTBACK 2.5L XT
SUBARU;TRIBECA;2005 - 2014;4 CIL;L-35-575;G-35-575;CL-35-550;T-34R-420;2005 - 2014;4 CIL;SUBARU;TRIBECA
SUBARU;WRX;2013 - 2014;4 CIL;L-35-575;G-35-575;CL-35-550;T-34R-420;2013 - 2014;4 CIL;SUBARU;WRX
SUZUKI;AERIO;2002 - 2012;4 CIL;L-24R-530;G-24R-710;;T-34R-420;2002 - 2012;4 CIL;SUZUKI;AERIO
SUZUKI;GRAND VITARA (GL. GLS);2001 - 2014;6 CIL;L-24R-530;G-24R-710;;;2001 - 2014;6 CIL;SUZUKI;GRAND VITARA (GL. GLS)
SUZUKI;KIZASHI 2.4L;2013 - 2014;4 CIL;L-24R-530;G-24R-710;;T-34R-420;2013 - 2014;4 CIL;SUZUKI;KIZASHI 2.4L
SUZUKI;PICK UP;2005 - 2012;6 CIL;L-24R-530;G-24R-710;;;2005 - 2012;6 CIL;SUZUKI;PICK UP
SUZUKI;SWIFT 1.3L;1989 - 2014;4 CIL;L-51-500;G-51-500;CL-51-500;;1989 - 2014;4 CIL;SUZUKI;SWIFT 1.3L
SUZUKI;SX4;2007 - 2014;4 CIL;L-24R-530;G-24R-710;;T-34R-420;2007 - 2014;4 CIL;SUZUKI;SX4
SUZUKI;XL7;2004 - 2006;6 CIL;L-24R-530;G-24R-710;;;2004 - 2006;6 CIL;SUZUKI;XL7
SUZUKI;XL7;2006 - 2009;6 CIL;L-75/86-675;G-75/86-650;;;2006 - 2009;6 CIL;SUZUKI;XL7
SUZUKI;XL7;2007 - 2012;6 CIL;L-47-550;G-47-600;;;2007 - 2012;6 CIL;SUZUKI;XL7
TOYOTA;4 RUNNER;2000 - 2012;6 CIL;L-24R-530;G-24R-710;;;2000 - 2012;6 CIL;TOYOTA;4 RUNNER
TOYOTA;4 RUNNER (SPORT, LIMITED, SR5);2000 - 2008;6 CIL;L-34/78-750;G-34/78-800;;;2000 - 2008;6 CIL;TOYOTA;4 RUNNER (SPORT, LIMITED, SR5)
TOYOTA;AVANZA;2007 - 2014;4 CIL;L-NS40Z-320;N/D;CL-NS40Z-320;;2007 - 2014;4 CIL;TOYOTA;AVANZA
TOYOTA;CAMRY (LE, XLE, SE);2000-2003;6 CIL;L-35-575;G-35-575;CL-35-550;;2000-2003;6 CIL;TOYOTA;CAMRY (LE, XLE, SE)
TOYOTA;CAMRY (LE, XLE, SE);2000-2008;6 CIL;L-24R-530;G-24R-710;;;2000-2008;6 CIL;TOYOTA;CAMRY (LE, XLE, SE)
TOYOTA;COROLLA (CE, S, LE);2007 - 2014;4 CIL;L-35-575;G-35-575;CL-35-550;T-34R-420;2007 - 2014;4 CIL;TOYOTA;COROLLA (CE, S, LE)
TOYOTA;FJ CRUSIER;2007 - 2014;6 CIL;L-27F-520;N/D;;;2007 - 2014;6 CIL;TOYOTA;FJ CRUSIER
TOYOTA;HIACE;2005 - 2007;6 CIL;L-24-530;G-34-600;;;2005 - 2007;6 CIL;TOYOTA;HIACE
TOYOTA;HIACE;2005 - 2007;6 CIL;L-24-530;G-34-600;;;2005 - 2007;6 CIL;TOYOTA;HIACE
TOYOTA;HIGHLANDER;2009 - 2014;6 CIL;L-35-575;G-35-575;CL-35-550;;2009 - 2014;6 CIL;TOYOTA;HIGHLANDER
TOYOTA;HILUX;2000 - 2014;6 CIL;L-24R-530;G-24R-710;;;2000 - 2014;6 CIL;TOYOTA;HILUX
TOYOTA;HILUX DOBLE CABINA, POWER, SR;2000 - 2014;6 CIL;L-34/78-750;G-34/78-800;;;2000 - 2014;6 CIL;TOYOTA;HILUX DOBLE CABINA, POWER, SR
TOYOTA;LAND CRUISER;2000 - 2014;6 CIL;L-27F-520;N/D;;;2000 - 2014;6 CIL;TOYOTA;LAND CRUISER
TOYOTA;MATRIX (XR, XRS) 1.8L;2003 - 2011;4 CIL;L-35-575;G-35-575;CL-35-550;T-34R-420;2003 - 2011;4 CIL;TOYOTA;MATRIX (XR, XRS) 1.8L
TOYOTA;MATRIX (XR, XRS) 2.4L;2009 - 2011;4 CIL;L-24R-530;G-24R-710;;T-34R-420;2009 - 2011;4 CIL;TOYOTA;MATRIX (XR, XRS) 2.4L
TOYOTA;MR2 SPYDER;2004 - 2006;4 CIL;L-51R-500;G-51R-500;CL-51R-500;T-58R-420;2004 - 2006;4 CIL;TOYOTA;MR2 SPYDER
TOYOTA;PRIUS;2013 - 2014;4 CIL;L-51-500;G-51-500;CL-51-500;;2013 - 2014;4 CIL;TOYOTA;PRIUS
TOYOTA;RAV4 (BASE, SPORT, LIMITED);2014;6 CIL;L-35-575;G-35-575;CL-35-550;;2014;6 CIL;TOYOTA;RAV4 (BASE, SPORT, LIMITED)
TOYOTA;RAV4 (BASE, SPORT, LIMITED);1994 - 2003;4-6 CIL;L-35-575;G-35-575;CL-35-550;;1994 - 2003;4-6 CIL;TOYOTA;RAV4 (BASE, SPORT, LIMITED)
TOYOTA;RAV4 (BASE, SPORT, LIMITED);2004 - 2013;4-6 CIL;L-24R-530;G-24R-710;;;2004 - 2013;4-6 CIL;TOYOTA;RAV4 (BASE, SPORT, LIMITED)
TOYOTA;SEQUOIA LIMITED, PLATINUM, SR5;2009 - 2014;6-8 CIL;L-27F-520;N/D;;;2009 - 2014;6-8 CIL;TOYOTA;SEQUOIA LIMITED, PLATINUM, SR5
TOYOTA;SIENNA (CE, LE, XLE, LIMITED);2000 - 2014;6 CIL;L-24R-530;G-24R-710;;;2000 - 2014;6 CIL;TOYOTA;SIENNA (CE, LE, XLE, LIMITED)
TOYOTA;SOLARA;1990 - 2012;6 CIL;L-35-575;G-35-575;CL-35-550;;1990 - 2012;6 CIL;TOYOTA;SOLARA
TOYOTA;TACOMA;2006;6 CIL;L-27F-520;N/D;;;2006;6 CIL;TOYOTA;TACOMA
TOYOTA;TACOMA;1995 - 2000;4 CIL;L-24R-530;G-24R-710;;T-34R-420;1995 - 2000;4 CIL;TOYOTA;TACOMA
TOYOTA;TACOMA;1995 - 2003;6 CIL;L-35-575;G-35-575;CL-35-550;;1995 - 2003;6 CIL;TOYOTA;TACOMA
TOYOTA;TACOMA;2001 - 2004;4 CIL;L-35-575;G-35-575;CL-35-550;T-34R-420;2001 - 2004;4 CIL;TOYOTA;TACOMA
TOYOTA;TACOMA;2004 - 2005;6 CIL;L-24R-530;G-24R-710;;;2004 - 2005;6 CIL;TOYOTA;TACOMA
TOYOTA;TACOMA;2005 - 2014;4 CIL;L-24R-530;G-24R-710;;T-34R-420;2005 - 2014;4 CIL;TOYOTA;TACOMA
TOYOTA;TACOMA;2007 - 2008;6 CIL;L-24R-530;G-24R-710;;;2007 - 2008;6 CIL;TOYOTA;TACOMA
TOYOTA;TACOMA;2009 - 2014;6 CIL;L-27F-520;N/D;;;2009 - 2014;6 CIL;TOYOTA;TACOMA
TOYOTA;TUNDRA;2000 - 2014;6 CIL;L-24R-530;G-24R-710;;;2000 - 2014;6 CIL;TOYOTA;TUNDRA
TOYOTA;TUNDRA, D-CAB, LTD, SR5;2009 - 2014;6 CIL;L-27F-520;N/D;;;2009 - 2014;6 CIL;TOYOTA;TUNDRA, D-CAB, LTD, SR5
TOYOTA;YARIS, SEDAN, HATCH;2004 - 2014;4 CIL;L-35-575;G-35-575;CL-35-550;T-34R-420;2004 - 2014;4 CIL;TOYOTA;YARIS, SEDAN, HATCH
VOLKSWAGEN;AMAROK;2013 - 2014;6 CIL;L-48/91-600;G-48-700;CL-48/91-615;;2013 - 2014;6 CIL;VOLKSWAGEN;AMAROK
VOLKSWAGEN;BEETLE GLS, GLX SPORT, TUR- BO CABRIO;1998 - 2014;4 CIL;L-47-550;G-47-600;;T-58R-420;1998 - 2014;4 CIL;VOLKSWAGEN;BEETLE GLS, GLX SPORT, TUR- BO CABRIO
VOLKSWAGEN;BORA (TODAS LAS VERSIONES);2005 - 2012;5 CIL;L-47-550;G-47-600;;;2005 - 2012;5 CIL;VOLKSWAGEN;BORA (TODAS LAS VERSIONES)
VOLKSWAGEN;CC;2013 - 2014;4 CIL;L-48/91-600;G-48-700;CL-48/91-615;;2013 - 2014;4 CIL;VOLKSWAGEN;CC
VOLKSWAGEN;CC;2013 - 2014;6 CIL;L-49- 900AGM;G-49-850;;;2013 - 2014;6 CIL;VOLKSWAGEN;CC
VOLKSWAGEN;COMBI/PANEL;1970 - 2001;4 CIL;L-42-400;G-42-400;CL-42-400;T-58R-420;1970 - 2001;4 CIL;VOLKSWAGEN;COMBI/PANEL
VOLKSWAGEN;CRAFTER;2013 - 2014;6 CIL;L-49- 900AGM;G-49-850;;;2013 - 2014;6 CIL;VOLKSWAGEN;CRAFTER
VOLKSWAGEN;CROSSFOX;2007 - 2014;4 CIL;L-47-550;G-47-600;;T-58R-420;2007 - 2014;4 CIL;VOLKSWAGEN;CROSSFOX
VOLKSWAGEN;DERBY TODAS LAS VERSIONES;1995 - 2008;4 CIL;L-47-550;G-47-600;;T-58R-420;1995 - 2008;4 CIL;VOLKSWAGEN;DERBY TODAS LAS VERSIONES
VOLKSWAGEN;EUROVAN (CARGA PASAJEROS);1996 - 2012;6 CIL;L-47-550;G-47-600;;;1996 - 2012;6 CIL;VOLKSWAGEN;EUROVAN (CARGA PASAJEROS)
VOLKSWAGEN;GOL;2007 - 2014;4 CIL;L-47-550;G-47-600;;T-58R-420;2007 - 2014;4 CIL;VOLKSWAGEN;GOL
VOLKSWAGEN;GOLF;1998 - 2010;4 CIL;L-47-550;G-47-600;;T-58R-420;1998 - 2010;4 CIL;VOLKSWAGEN;GOLF
VOLKSWAGEN;GOLF (TODAS LAS VERSIONES);1998 - 2014;4 CIL;L-47-550;G-47-600;;T-58R-420;1998 - 2014;4 CIL;VOLKSWAGEN;GOLF (TODAS LAS VERSIONES)
VOLKSWAGEN;GTI;2009 - 2012;4 CIL;L-48/91-600;G-48-700;CL-48/91-615;;2009 - 2012;4 CIL;VOLKSWAGEN;GTI
VOLKSWAGEN;JETTA;1998 - 2010;4 CIL;L-47-550;G-47-600;;T-58R-420;1998 - 2010;4 CIL;VOLKSWAGEN;JETTA
VOLKSWAGEN;JETTA (TODAS LAS VERSIONES);2000-2014;4 CIL;L-47-550;G-47-600;;T-58R-420;2000-2014;4 CIL;VOLKSWAGEN;JETTA (TODAS LAS VERSIONES)
VOLKSWAGEN;LUPO;1997- 2005;4 CIL;L-47-550;G-47-600;;T-58R-420;1997- 2005;4 CIL;VOLKSWAGEN;LUPO
VOLKSWAGEN;PASSAT 1.8L;2005;6 CIL;L-49- 900AGM;G-49-850;;;2005;6 CIL;VOLKSWAGEN;PASSAT 1.8L
VOLKSWAGEN;PASSAT 1.8L;1998- 2004;6 CIL;L-48/91-600;G-48-700;CL-48/91-615;;1998- 2004;6 CIL;VOLKSWAGEN;PASSAT 1.8L
VOLKSWAGEN;PASSAT 2.0L, 2.0L DIESEL;2004 - 2005;6 CIL;L-41-650;G-41-660;CL-41-650;;2004 - 2005;6 CIL;VOLKSWAGEN;PASSAT 2.0L, 2.0L DIESEL
VOLKSWAGEN;PASSAT 2.0L, 2.0L DIESEL, 2.0L CC;2006 - 2014;6 CIL;L-47-550;G-47-600;;;2006 - 2014;6 CIL;VOLKSWAGEN;PASSAT 2.0L, 2.0L DIESEL, 2.0L CC
VOLKSWAGEN;PASSAT 2.5L, 3.6L;2012 - 2014;6 CIL;L-47-550;G-47-600;;;2012 - 2014;6 CIL;VOLKSWAGEN;PASSAT 2.5L, 3.6L
VOLKSWAGEN;PASSAT 3.6L, 3.6L CC;2006 - 2010;6 CIL;L-48/91-600;G-48-700;CL-48/91-615;;2006 - 2010;6 CIL;VOLKSWAGEN;PASSAT 3.6L, 3.6L CC
VOLKSWAGEN;PASSAT W8 4.0L;2002;6 CIL;L-48/91-600;G-48-700;CL-48/91-615;;2002;6 CIL;VOLKSWAGEN;PASSAT W8 4.0L
VOLKSWAGEN;PASSAT W8 4.0L;2003 - 2004;6 CIL;L-41-650;G-41-660;CL-41-650;;2003 - 2004;6 CIL;VOLKSWAGEN;PASSAT W8 4.0L
VOLKSWAGEN;POINTER TODAS LAS VERSIONES;1998 - 2009;4 CIL;L-41-650;G-41-660;CL-41-650;;1998 - 2009;4 CIL;VOLKSWAGEN;POINTER TODAS LAS VERSIONES
VOLKSWAGEN;POLO TODAS LAS VERSIONES;2003 - 2014;4 CIL;L-47-550;G-47-600;;T-58R-420;2003 - 2014;4 CIL;VOLKSWAGEN;POLO TODAS LAS VERSIONES
VOLKSWAGEN;ROUTAN;2008 - 2012;6 CIL;L-34-600;G-34-600;CL-34-600;;2008 - 2012;6 CIL;VOLKSWAGEN;ROUTAN
VOLKSWAGEN;ROUTAN;2013 - 2014;6 CIL;L-48/91-600;G-48-700;CL-48/91-615;;2013 - 2014;6 CIL;VOLKSWAGEN;ROUTAN
VOLKSWAGEN;SAVEIRO;2010 - 2014;4 CIL;L-47-550;G-47-600;;T-58R-420;2010 - 2014;4 CIL;VOLKSWAGEN;SAVEIRO
VOLKSWAGEN;SEDAN 1.6 FI (1);1978 - 2004;4 CIL;L-42-500;G-42-400;CL-42-400;T-58R-420;1978 - 2004;4 CIL;VOLKSWAGEN;SEDAN 1.6 FI (1)
VOLKSWAGEN;SHARAN;1995 - 2012;6 CIL;L-47-550;G-47-600;;;1995 - 2012;6 CIL;VOLKSWAGEN;SHARAN
VOLKSWAGEN;SPORT VAN;2004 - 2011;4 CIL;L-47-550;G-47-600;;T-58R-420;2004 - 2011;4 CIL;VOLKSWAGEN;SPORT VAN
VOLKSWAGEN;TIGUAN;2007 - 2014;4 CIL;L-47-550;G-47-600;;T-58R-420;2007 - 2014;4 CIL;VOLKSWAGEN;TIGUAN
VOLKSWAGEN;TOUAREG;2012 - 2014;6 CIL;L-48/91-600;G-48-700;CL-48/91-615;;2012 - 2014;6 CIL;VOLKSWAGEN;TOUAREG
VOLKSWAGEN;TRANSPORTER;2013 - 2014;6 CIL;L-48/91-600;G-48-700;CL-48/91-615;;2013 - 2014;6 CIL;VOLKSWAGEN;TRANSPORTER
VOLKSWAGEN;VENTO;2012 - 2014;4 CIL;L-47-550;G-47-600;;T-58R-420;2012 - 2014;4 CIL;VOLKSWAGEN;VENTO
VOLVO;C30;2009 - 2014;5 CIL;L-48/91-600;G-48-700;CL-48/91-615;;2009 - 2014;5 CIL;VOLVO;C30
VOLVO;C70 COUPE, CONVERTIBLE;2001 - 2014;5 CIL;L-48/91-600;G-48-700;CL-48/91-615;;2001 - 2014;5 CIL;VOLVO;C70 COUPE, CONVERTIBLE
VOLVO;S40;2000-2014;4-5 CIL;L-48/91-600;G-48-700;CL-48/91-615;;2000-2014;4-5 CIL;VOLVO;S40
VOLVO;S60;2000-2014;5 CIL;L-48/91-600;G-48-700;CL-48/91-615;;2000-2014;5 CIL;VOLVO;S60
VOLVO;S70;2000;6 CIL;L-48/91-600;G-48-700;CL-48/91-615;;2000;6 CIL;VOLVO;S70
VOLVO;S80;2000-2014;6 CIL;L-48/91-600;G-48-700;CL-48/91-615;;2000-2014;6 CIL;VOLVO;S80
VOLVO;V40;2000-2012;4-5 CIL;L-48/91-600;G-48-700;CL-48/91-615;;2000-2012;4-5 CIL;VOLVO;V40
VOLVO;V50;2000-2012;4-5 CIL;L-48/91-600;G-48-700;CL-48/91-615;;2000-2012;4-5 CIL;VOLVO;V50
VOLVO;V60;2013 - 2014;5 CIL;L-48/91-600;G-48-700;CL-48/91-615;;2013 - 2014;5 CIL;VOLVO;V60
VOLVO;V70;2003 - 2012;6 CIL;L-48/91-600;G-48-700;CL-48/91-615;;2003 - 2012;6 CIL;VOLVO;V70
VOLVO;V90;2000-2012;6 CIL;L-48/91-600;G-48-700;CL-48/91-615;;2000-2012;6 CIL;VOLVO;V90
VOLVO;XC60;2009 - 2014;5 CIL;L-48/91-600;G-48-700;CL-48/91-615;;2009 - 2014;5 CIL;VOLVO;XC60
VOLVO;XC70;2000 - 2007;5 CIL;L-48/91-600;G-48-700;CL-48/91-615;;2000 - 2007;5 CIL;VOLVO;XC70
VOLVO;XC80;2000 - 2012;8 CIL;L-48/91-600;G-48-700;CL-48/91-615;;2000 - 2012;8 CIL;VOLVO;XC80
VOLVO;XC90;2003 - 2014;8 CIL;L-48/91-600;G-48-700;CL-48/91-615;;2003 - 2014;8 CIL;VOLVO;XC90